task_id,task_type,status,source,priority,difficulty,estimated_minutes,actual_minutes_db,assignment_log_count,required_qualification_codes,shift_id,shift_date,shift_start_time,shift_actual_start_time,shift_actual_end_time,employee_id,employee_code,cargo_id,cargo_code,created_at,assigned_at,started_at,completed_at,due_at,queue_wait_minutes,assignment_to_start_minutes,fact_execution_minutes,total_cycle_minutes
1,RECEIVE_TO_INBOUND,completed,auto,3,5,36,45,1,FORKLIFT;RECEIVE,1,2025-12-20,2025-12-20T09:00:00+00:00,2025-12-20T09:00:00+00:00,2025-12-20T18:00:00+00:00,21,SIM0011,,,2025-12-20T08:56:00+00:00,2025-12-20T09:00:00+00:00,2025-12-20T09:06:00+00:00,2025-12-20T09:51:00+00:00,,4,6,45,55
2,GENERAL,completed,auto,0,1,10,8,1,,1,2025-12-20,2025-12-20T09:00:00+00:00,2025-12-20T09:00:00+00:00,2025-12-20T18:00:00+00:00,18,SIM0008,,,2025-12-20T09:02:00+00:00,2025-12-20T09:06:00+00:00,2025-12-20T09:13:00+00:00,2025-12-20T09:21:00+00:00,,4,7,8,19
3,GENERAL,completed,auto,0,2,12,9,1,,1,2025-12-20,2025-12-20T09:00:00+00:00,2025-12-20T09:00:00+00:00,2025-12-20T18:00:00+00:00,18,SIM0008,,,2025-12-20T09:04:00+00:00,2025-12-20T09:09:00+00:00,2025-12-20T09:10:00+00:00,2025-12-20T09:19:00+00:00,,5,1,9,15
4,MOVE_BETWEEN_SLOTS,completed,auto,1,1,15,11,1,FORKLIFT,1,2025-12-20,2025-12-20T09:00:00+00:00,2025-12-20T09:00:00+00:00,2025-12-20T18:00:00+00:00,22,SIM0012,,,2025-12-20T09:04:00+00:00,2025-12-20T09:11:00+00:00,2025-12-20T09:16:00+00:00,2025-12-20T09:27:00+00:00,,7,5,11,23
5,PUTAWAY_TO_RACK,completed,auto,1,1,22,21,1,FORKLIFT,1,2025-12-20,2025-12-20T09:00:00+00:00,2025-12-20T09:00:00+00:00,2025-12-20T18:00:00+00:00,18,SIM0008,,,2025-12-20T09:13:00+00:00,2025-12-20T09:14:00+00:00,2025-12-20T09:20:00+00:00,2025-12-20T09:41:00+00:00,,1,6,21,28
6,RECEIVE_TO_INBOUND,completed,auto,3,2,22,20,1,FORKLIFT;RECEIVE,1,2025-12-20,2025-12-20T09:00:00+00:00,2025-12-20T09:00:00+00:00,2025-12-20T18:00:00+00:00,18,SIM0008,,,2025-12-20T09:09:00+00:00,2025-12-20T09:16:00+00:00,2025-12-20T09:19:00+00:00,2025-12-20T09:39:00+00:00,,7,3,20,30
7,DISPATCH_CARGO,completed,auto,3,5,40,40,1,DISPATCH,1,2025-12-20,2025-12-20T09:00:00+00:00,2025-12-20T09:00:00+00:00,2025-12-20T18:00:00+00:00,11,SIM0001,,,2025-12-20T09:16:00+00:00,2025-12-20T09:19:00+00:00,2025-12-20T09:26:00+00:00,2025-12-20T10:06:00+00:00,,3,7,40,50
8,DISPATCH_CARGO,completed,auto,4,4,35,23,1,DISPATCH,1,2025-12-20,2025-12-20T09:00:00+00:00,2025-12-20T09:00:00+00:00,2025-12-20T18:00:00+00:00,11,SIM0001,,,2025-12-20T09:16:00+00:00,2025-12-20T09:22:00+00:00,2025-12-20T09:23:00+00:00,2025-12-20T09:46:00+00:00,,6,1,23,30
9,MOVE_BETWEEN_SLOTS,completed,auto,2,4,26,22,1,FORKLIFT,1,2025-12-20,2025-12-20T09:00:00+00:00,2025-12-20T09:00:00+00:00,2025-12-20T18:00:00+00:00,22,SIM0012,,,2025-12-20T09:21:00+00:00,2025-12-20T09:26:00+00:00,2025-12-20T09:32:00+00:00,2025-12-20T09:54:00+00:00,,5,6,22,33
10,GENERAL,completed,auto,0,5,20,17,1,,1,2025-12-20,2025-12-20T09:00:00+00:00,2025-12-20T09:00:00+00:00,2025-12-20T18:00:00+00:00,19,SIM0009,,,2025-12-20T09:20:00+00:00,2025-12-20T09:28:00+00:00,2025-12-20T09:33:00+00:00,2025-12-20T09:50:00+00:00,,8,5,17,30
11,RECEIVE_TO_INBOUND,completed,auto,4,1,18,14,1,FORKLIFT;RECEIVE,1,2025-12-20,2025-12-20T09:00:00+00:00,2025-12-20T09:00:00+00:00,2025-12-20T18:00:00+00:00,18,SIM0008,,,2025-12-20T09:27:00+00:00,2025-12-20T09:32:00+00:00,2025-12-20T09:34:00+00:00,2025-12-20T09:48:00+00:00,,5,2,14,21
12,MOVE_BETWEEN_SLOTS,completed,auto,1,3,22,19,1,FORKLIFT,1,2025-12-20,2025-12-20T09:00:00+00:00,2025-12-20T09:00:00+00:00,2025-12-20T18:00:00+00:00,22,SIM0012,,,2025-12-20T09:34:00+00:00,2025-12-20T09:34:00+00:00,2025-12-20T09:39:00+00:00,2025-12-20T09:58:00+00:00,,0,5,19,24
13,RECEIVE_TO_INBOUND,completed,auto,3,2,22,21,1,FORKLIFT;RECEIVE,1,2025-12-20,2025-12-20T09:00:00+00:00,2025-12-20T09:00:00+00:00,2025-12-20T18:00:00+00:00,22,SIM0012,,,2025-12-20T09:37:00+00:00,2025-12-20T09:41:00+00:00,2025-12-20T09:44:00+00:00,2025-12-20T10:05:00+00:00,,4,3,21,28
14,MOVE_BETWEEN_SLOTS,completed,auto,1,2,18,17,1,FORKLIFT,1,2025-12-20,2025-12-20T09:00:00+00:00,2025-12-20T09:00:00+00:00,2025-12-20T18:00:00+00:00,18,SIM0008,,,2025-12-20T09:43:00+00:00,2025-12-20T09:47:00+00:00,2025-12-20T09:54:00+00:00,2025-12-20T10:11:00+00:00,,4,7,17,28
15,PUTAWAY_TO_RACK,completed,auto,2,3,33,36,1,FORKLIFT,1,2025-12-20,2025-12-20T09:00:00+00:00,2025-12-20T09:00:00+00:00,2025-12-20T18:00:00+00:00,21,SIM0011,,,2025-12-20T09:41:00+00:00,2025-12-20T09:49:00+00:00,2025-12-20T09:51:00+00:00,2025-12-20T10:27:00+00:00,,8,2,36,46
16,DISPATCH_CARGO,completed,auto,3,2,25,19,1,DISPATCH,1,2025-12-20,2025-12-20T09:00:00+00:00,2025-12-20T09:00:00+00:00,2025-12-20T18:00:00+00:00,11,SIM0001,,,2025-12-20T09:41:00+00:00,2025-12-20T09:51:00+00:00,2025-12-20T09:53:00+00:00,2025-12-20T10:12:00+00:00,,10,2,19,31
17,MOVE_BETWEEN_SLOTS,completed,auto,2,5,30,25,1,FORKLIFT,1,2025-12-20,2025-12-20T09:00:00+00:00,2025-12-20T09:00:00+00:00,2025-12-20T18:00:00+00:00,16,SIM0006,,,2025-12-20T09:52:00+00:00,2025-12-20T09:54:00+00:00,2025-12-20T10:01:00+00:00,2025-12-20T10:26:00+00:00,,2,7,25,34
18,MOVE_BETWEEN_SLOTS,completed,auto,1,4,26,25,1,FORKLIFT,1,2025-12-20,2025-12-20T09:00:00+00:00,2025-12-20T09:00:00+00:00,2025-12-20T18:00:00+00:00,18,SIM0008,,,2025-12-20T09:56:00+00:00,2025-12-20T09:59:00+00:00,2025-12-20T10:01:00+00:00,2025-12-20T10:26:00+00:00,,3,2,25,30
19,MOVE_BETWEEN_SLOTS,completed,auto,1,2,18,16,1,FORKLIFT,1,2025-12-20,2025-12-20T09:00:00+00:00,2025-12-20T09:00:00+00:00,2025-12-20T18:00:00+00:00,22,SIM0012,,,2025-12-20T10:02:00+00:00,2025-12-20T10:07:00+00:00,2025-12-20T10:10:00+00:00,2025-12-20T10:26:00+00:00,,5,3,16,24
20,GENERAL,completed,auto,0,3,15,12,1,,1,2025-12-20,2025-12-20T09:00:00+00:00,2025-12-20T09:00:00+00:00,2025-12-20T18:00:00+00:00,18,SIM0008,,,2025-12-20T10:14:00+00:00,2025-12-20T10:14:00+00:00,2025-12-20T10:17:00+00:00,2025-12-20T10:29:00+00:00,,0,3,12,15
21,RECEIVE_TO_INBOUND,completed,auto,3,3,27,24,1,FORKLIFT;RECEIVE,1,2025-12-20,2025-12-20T09:00:00+00:00,2025-12-20T09:00:00+00:00,2025-12-20T18:00:00+00:00,22,SIM0012,,,2025-12-20T10:19:00+00:00,2025-12-20T10:21:00+00:00,2025-12-20T10:26:00+00:00,2025-12-20T10:50:00+00:00,,2,5,24,31
22,DISPATCH_CARGO,completed,auto,4,2,25,19,1,DISPATCH,1,2025-12-20,2025-12-20T09:00:00+00:00,2025-12-20T09:00:00+00:00,2025-12-20T18:00:00+00:00,11,SIM0001,,,2025-12-20T10:14:00+00:00,2025-12-20T10:24:00+00:00,2025-12-20T10:29:00+00:00,2025-12-20T10:48:00+00:00,,10,5,19,34
23,DISPATCH_CARGO,completed,auto,4,4,35,29,1,DISPATCH,1,2025-12-20,2025-12-20T09:00:00+00:00,2025-12-20T09:00:00+00:00,2025-12-20T18:00:00+00:00,16,SIM0006,,,2025-12-20T10:26:00+00:00,2025-12-20T10:28:00+00:00,2025-12-20T10:34:00+00:00,2025-12-20T11:03:00+00:00,,2,6,29,37
24,MOVE_BETWEEN_SLOTS,completed,auto,1,5,30,32,1,FORKLIFT,1,2025-12-20,2025-12-20T09:00:00+00:00,2025-12-20T09:00:00+00:00,2025-12-20T18:00:00+00:00,22,SIM0012,,,2025-12-20T10:35:00+00:00,2025-12-20T10:35:00+00:00,2025-12-20T10:37:00+00:00,2025-12-20T11:09:00+00:00,,0,2,32,34
25,GENERAL,completed,auto,1,1,10,9,1,,1,2025-12-20,2025-12-20T09:00:00+00:00,2025-12-20T09:00:00+00:00,2025-12-20T18:00:00+00:00,18,SIM0008,,,2025-12-20T10:29:00+00:00,2025-12-20T10:37:00+00:00,2025-12-20T10:43:00+00:00,2025-12-20T10:52:00+00:00,,8,6,9,23
26,GENERAL,completed,auto,0,4,17,14,1,,1,2025-12-20,2025-12-20T09:00:00+00:00,2025-12-20T09:00:00+00:00,2025-12-20T18:00:00+00:00,12,SIM0002,,,2025-12-20T10:41:00+00:00,2025-12-20T10:42:00+00:00,2025-12-20T10:47:00+00:00,2025-12-20T11:01:00+00:00,,1,5,14,20
27,GENERAL,completed,auto,1,4,17,14,1,,1,2025-12-20,2025-12-20T09:00:00+00:00,2025-12-20T09:00:00+00:00,2025-12-20T18:00:00+00:00,19,SIM0009,,,2025-12-20T10:39:00+00:00,2025-12-20T10:45:00+00:00,2025-12-20T10:52:00+00:00,2025-12-20T11:06:00+00:00,,6,7,14,27
28,MOVE_BETWEEN_SLOTS,completed,auto,1,4,26,23,1,FORKLIFT,1,2025-12-20,2025-12-20T09:00:00+00:00,2025-12-20T09:00:00+00:00,2025-12-20T18:00:00+00:00,18,SIM0008,,,2025-12-20T10:42:00+00:00,2025-12-20T10:51:00+00:00,2025-12-20T10:56:00+00:00,2025-12-20T11:19:00+00:00,,9,5,23,37
29,DISPATCH_CARGO,completed,auto,5,2,25,23,1,DISPATCH,1,2025-12-20,2025-12-20T09:00:00+00:00,2025-12-20T09:00:00+00:00,2025-12-20T18:00:00+00:00,11,SIM0001,,,2025-12-20T10:54:00+00:00,2025-12-20T10:58:00+00:00,2025-12-20T11:02:00+00:00,2025-12-20T11:25:00+00:00,,4,4,23,31
30,MOVE_BETWEEN_SLOTS,completed,auto,2,1,15,16,1,FORKLIFT,1,2025-12-20,2025-12-20T09:00:00+00:00,2025-12-20T09:00:00+00:00,2025-12-20T18:00:00+00:00,21,SIM0011,,,2025-12-20T10:56:00+00:00,2025-12-20T11:06:00+00:00,2025-12-20T11:13:00+00:00,2025-12-20T11:29:00+00:00,,10,7,16,33
31,PUTAWAY_TO_RACK,completed,auto,2,1,22,22,1,FORKLIFT,1,2025-12-20,2025-12-20T09:00:00+00:00,2025-12-20T09:00:00+00:00,2025-12-20T18:00:00+00:00,16,SIM0006,,,2025-12-20T11:03:00+00:00,2025-12-20T11:08:00+00:00,2025-12-20T11:11:00+00:00,2025-12-20T11:33:00+00:00,,5,3,22,30
32,PUTAWAY_TO_RACK,completed,auto,1,3,33,34,1,FORKLIFT,1,2025-12-20,2025-12-20T09:00:00+00:00,2025-12-20T09:00:00+00:00,2025-12-20T18:00:00+00:00,22,SIM0012,,,2025-12-20T11:08:00+00:00,2025-12-20T11:11:00+00:00,2025-12-20T11:17:00+00:00,2025-12-20T11:51:00+00:00,,3,6,34,43
33,RECEIVE_TO_INBOUND,completed,auto,2,3,27,41,1,FORKLIFT;RECEIVE,1,2025-12-20,2025-12-20T09:00:00+00:00,2025-12-20T09:00:00+00:00,2025-12-20T18:00:00+00:00,21,SIM0011,,,2025-12-20T11:03:00+00:00,2025-12-20T11:13:00+00:00,2025-12-20T11:17:00+00:00,2025-12-20T11:58:00+00:00,,10,4,41,55
34,GENERAL,completed,auto,0,3,15,12,1,,1,2025-12-20,2025-12-20T09:00:00+00:00,2025-12-20T09:00:00+00:00,2025-12-20T18:00:00+00:00,12,SIM0002,,,2025-12-20T11:10:00+00:00,2025-12-20T11:17:00+00:00,2025-12-20T11:21:00+00:00,2025-12-20T11:33:00+00:00,,7,4,12,23
35,GENERAL,completed,auto,1,5,20,19,1,,1,2025-12-20,2025-12-20T09:00:00+00:00,2025-12-20T09:00:00+00:00,2025-12-20T18:00:00+00:00,15,SIM0005,,,2025-12-20T11:15:00+00:00,2025-12-20T11:22:00+00:00,2025-12-20T11:26:00+00:00,2025-12-20T11:45:00+00:00,,7,4,19,30
36,PUTAWAY_TO_RACK,completed,auto,2,3,33,31,1,FORKLIFT,1,2025-12-20,2025-12-20T09:00:00+00:00,2025-12-20T09:00:00+00:00,2025-12-20T18:00:00+00:00,16,SIM0006,,,2025-12-20T11:21:00+00:00,2025-12-20T11:28:00+00:00,2025-12-20T11:34:00+00:00,2025-12-20T12:05:00+00:00,,7,6,31,44
37,PUTAWAY_TO_RACK,completed,auto,2,1,22,22,1,FORKLIFT,1,2025-12-20,2025-12-20T09:00:00+00:00,2025-12-20T09:00:00+00:00,2025-12-20T18:00:00+00:00,16,SIM0006,,,2025-12-20T11:25:00+00:00,2025-12-20T11:32:00+00:00,2025-12-20T11:38:00+00:00,2025-12-20T12:00:00+00:00,,7,6,22,35
38,RECEIVE_TO_INBOUND,completed,auto,3,2,22,22,1,FORKLIFT;RECEIVE,1,2025-12-20,2025-12-20T09:00:00+00:00,2025-12-20T09:00:00+00:00,2025-12-20T18:00:00+00:00,18,SIM0008,,,2025-12-20T11:28:00+00:00,2025-12-20T11:36:00+00:00,2025-12-20T11:37:00+00:00,2025-12-20T11:59:00+00:00,,8,1,22,31
39,DISPATCH_CARGO,completed,auto,3,1,20,18,1,DISPATCH,1,2025-12-20,2025-12-20T09:00:00+00:00,2025-12-20T09:00:00+00:00,2025-12-20T18:00:00+00:00,11,SIM0001,,,2025-12-20T11:40:00+00:00,2025-12-20T11:40:00+00:00,2025-12-20T11:42:00+00:00,2025-12-20T12:00:00+00:00,,0,2,18,20
40,RECEIVE_TO_INBOUND,completed,auto,4,1,18,16,1,FORKLIFT;RECEIVE,1,2025-12-20,2025-12-20T09:00:00+00:00,2025-12-20T09:00:00+00:00,2025-12-20T18:00:00+00:00,18,SIM0008,,,2025-12-20T11:43:00+00:00,2025-12-20T11:44:00+00:00,2025-12-20T11:47:00+00:00,2025-12-20T12:03:00+00:00,,1,3,16,20
41,GENERAL,completed,auto,0,4,17,16,1,,1,2025-12-20,2025-12-20T09:00:00+00:00,2025-12-20T09:00:00+00:00,2025-12-20T18:00:00+00:00,16,SIM0006,,,2025-12-20T11:45:00+00:00,2025-12-20T11:47:00+00:00,2025-12-20T11:48:00+00:00,2025-12-20T12:04:00+00:00,,2,1,16,19
42,PUTAWAY_TO_RACK,completed,auto,2,3,33,33,1,FORKLIFT,1,2025-12-20,2025-12-20T09:00:00+00:00,2025-12-20T09:00:00+00:00,2025-12-20T18:00:00+00:00,16,SIM0006,,,2025-12-20T11:41:00+00:00,2025-12-20T11:50:00+00:00,2025-12-20T11:56:00+00:00,2025-12-20T12:29:00+00:00,,9,6,33,48
43,RECEIVE_TO_INBOUND,completed,auto,3,5,36,30,1,FORKLIFT;RECEIVE,1,2025-12-20,2025-12-20T09:00:00+00:00,2025-12-20T09:00:00+00:00,2025-12-20T18:00:00+00:00,18,SIM0008,,,2025-12-20T11:57:00+00:00,2025-12-20T11:57:00+00:00,2025-12-20T11:58:00+00:00,2025-12-20T12:28:00+00:00,,0,1,30,31
44,GENERAL,completed,auto,0,5,20,19,1,,1,2025-12-20,2025-12-20T09:00:00+00:00,2025-12-20T09:00:00+00:00,2025-12-20T18:00:00+00:00,17,SIM0007,,,2025-12-20T11:51:00+00:00,2025-12-20T12:00:00+00:00,2025-12-20T12:06:00+00:00,2025-12-20T12:25:00+00:00,,9,6,19,34
45,DISPATCH_CARGO,completed,auto,5,1,20,18,1,DISPATCH,1,2025-12-20,2025-12-20T09:00:00+00:00,2025-12-20T09:00:00+00:00,2025-12-20T18:00:00+00:00,11,SIM0001,,,2025-12-20T11:59:00+00:00,2025-12-20T12:06:00+00:00,2025-12-20T12:12:00+00:00,2025-12-20T12:30:00+00:00,,7,6,18,31
46,GENERAL,completed,auto,1,1,10,9,1,,1,2025-12-20,2025-12-20T09:00:00+00:00,2025-12-20T09:00:00+00:00,2025-12-20T18:00:00+00:00,17,SIM0007,,,2025-12-20T12:10:00+00:00,2025-12-20T12:10:00+00:00,2025-12-20T12:14:00+00:00,2025-12-20T12:23:00+00:00,,0,4,9,13
47,PUTAWAY_TO_RACK,completed,auto,1,3,33,38,1,FORKLIFT,1,2025-12-20,2025-12-20T09:00:00+00:00,2025-12-20T09:00:00+00:00,2025-12-20T18:00:00+00:00,16,SIM0006,,,2025-12-20T12:03:00+00:00,2025-12-20T12:13:00+00:00,2025-12-20T12:14:00+00:00,2025-12-20T12:52:00+00:00,,10,1,38,49
48,MOVE_BETWEEN_SLOTS,completed,auto,1,5,30,28,1,FORKLIFT,1,2025-12-20,2025-12-20T09:00:00+00:00,2025-12-20T09:00:00+00:00,2025-12-20T18:00:00+00:00,22,SIM0012,,,2025-12-20T12:13:00+00:00,2025-12-20T12:21:00+00:00,2025-12-20T12:26:00+00:00,2025-12-20T12:54:00+00:00,,8,5,28,41
49,MOVE_BETWEEN_SLOTS,completed,auto,1,4,26,28,1,FORKLIFT,1,2025-12-20,2025-12-20T09:00:00+00:00,2025-12-20T09:00:00+00:00,2025-12-20T18:00:00+00:00,21,SIM0011,,,2025-12-20T12:19:00+00:00,2025-12-20T12:28:00+00:00,2025-12-20T12:33:00+00:00,2025-12-20T13:01:00+00:00,,9,5,28,42
50,DISPATCH_CARGO,completed,auto,5,5,40,36,1,DISPATCH,1,2025-12-20,2025-12-20T09:00:00+00:00,2025-12-20T09:00:00+00:00,2025-12-20T18:00:00+00:00,11,SIM0001,,,2025-12-20T12:30:00+00:00,2025-12-20T12:35:00+00:00,2025-12-20T12:39:00+00:00,2025-12-20T13:15:00+00:00,,5,4,36,45
51,PUTAWAY_TO_RACK,completed,auto,3,5,44,53,1,FORKLIFT,1,2025-12-20,2025-12-20T09:00:00+00:00,2025-12-20T09:00:00+00:00,2025-12-20T18:00:00+00:00,16,SIM0006,,,2025-12-20T12:37:00+00:00,2025-12-20T12:43:00+00:00,2025-12-20T12:50:00+00:00,2025-12-20T13:43:00+00:00,,6,7,53,66
52,DISPATCH_CARGO,completed,auto,4,1,20,17,1,DISPATCH,1,2025-12-20,2025-12-20T09:00:00+00:00,2025-12-20T09:00:00+00:00,2025-12-20T18:00:00+00:00,11,SIM0001,,,2025-12-20T12:41:00+00:00,2025-12-20T12:48:00+00:00,2025-12-20T12:53:00+00:00,2025-12-20T13:10:00+00:00,,7,5,17,29
53,DISPATCH_CARGO,completed,auto,3,2,25,22,1,DISPATCH,1,2025-12-20,2025-12-20T09:00:00+00:00,2025-12-20T09:00:00+00:00,2025-12-20T18:00:00+00:00,11,SIM0001,,,2025-12-20T12:44:00+00:00,2025-12-20T12:50:00+00:00,2025-12-20T12:56:00+00:00,2025-12-20T13:18:00+00:00,,6,6,22,34
54,MOVE_BETWEEN_SLOTS,completed,auto,2,5,30,30,1,FORKLIFT,1,2025-12-20,2025-12-20T09:00:00+00:00,2025-12-20T09:00:00+00:00,2025-12-20T18:00:00+00:00,22,SIM0012,,,2025-12-20T12:56:00+00:00,2025-12-20T12:57:00+00:00,2025-12-20T13:02:00+00:00,2025-12-20T13:32:00+00:00,,1,5,30,36
55,PUTAWAY_TO_RACK,completed,auto,3,1,22,27,1,FORKLIFT,1,2025-12-20,2025-12-20T09:00:00+00:00,2025-12-20T09:00:00+00:00,2025-12-20T18:00:00+00:00,21,SIM0011,,,2025-12-20T13:00:00+00:00,2025-12-20T13:00:00+00:00,2025-12-20T13:03:00+00:00,2025-12-20T13:30:00+00:00,,0,3,27,30
56,MOVE_BETWEEN_SLOTS,completed,auto,1,3,22,24,1,FORKLIFT,1,2025-12-20,2025-12-20T09:00:00+00:00,2025-12-20T09:00:00+00:00,2025-12-20T18:00:00+00:00,21,SIM0011,,,2025-12-20T13:01:00+00:00,2025-12-20T13:02:00+00:00,2025-12-20T13:04:00+00:00,2025-12-20T13:28:00+00:00,,1,2,24,27
57,DISPATCH_CARGO,completed,auto,4,5,40,41,1,DISPATCH,1,2025-12-20,2025-12-20T09:00:00+00:00,2025-12-20T09:00:00+00:00,2025-12-20T18:00:00+00:00,11,SIM0001,,,2025-12-20T13:04:00+00:00,2025-12-20T13:08:00+00:00,2025-12-20T13:12:00+00:00,2025-12-20T13:53:00+00:00,,4,4,41,49
58,RECEIVE_TO_INBOUND,completed,auto,3,4,31,33,1,FORKLIFT;RECEIVE,1,2025-12-20,2025-12-20T09:00:00+00:00,2025-12-20T09:00:00+00:00,2025-12-20T18:00:00+00:00,18,SIM0008,,,2025-12-20T13:11:00+00:00,2025-12-20T13:15:00+00:00,2025-12-20T13:21:00+00:00,2025-12-20T13:54:00+00:00,,4,6,33,43
59,PUTAWAY_TO_RACK,completed,auto,3,4,38,48,1,FORKLIFT,1,2025-12-20,2025-12-20T09:00:00+00:00,2025-12-20T09:00:00+00:00,2025-12-20T18:00:00+00:00,21,SIM0011,,,2025-12-20T13:10:00+00:00,2025-12-20T13:20:00+00:00,2025-12-20T13:21:00+00:00,2025-12-20T14:09:00+00:00,,10,1,48,59
60,GENERAL,completed,auto,1,1,10,10,1,,1,2025-12-20,2025-12-20T09:00:00+00:00,2025-12-20T09:00:00+00:00,2025-12-20T18:00:00+00:00,19,SIM0009,,,2025-12-20T13:25:00+00:00,2025-12-20T13:25:00+00:00,2025-12-20T13:31:00+00:00,2025-12-20T13:41:00+00:00,,0,6,10,16
61,PUTAWAY_TO_RACK,completed,auto,2,5,44,44,1,FORKLIFT,1,2025-12-20,2025-12-20T09:00:00+00:00,2025-12-20T09:00:00+00:00,2025-12-20T18:00:00+00:00,16,SIM0006,,,2025-12-20T13:25:00+00:00,2025-12-20T13:29:00+00:00,2025-12-20T13:33:00+00:00,2025-12-20T14:17:00+00:00,,4,4,44,52
62,DISPATCH_CARGO,completed,auto,4,1,20,21,1,DISPATCH,1,2025-12-20,2025-12-20T09:00:00+00:00,2025-12-20T09:00:00+00:00,2025-12-20T18:00:00+00:00,11,SIM0001,,,2025-12-20T13:28:00+00:00,2025-12-20T13:36:00+00:00,2025-12-20T13:43:00+00:00,2025-12-20T14:04:00+00:00,,8,7,21,36
63,DISPATCH_CARGO,completed,auto,4,1,20,19,1,DISPATCH,1,2025-12-20,2025-12-20T09:00:00+00:00,2025-12-20T09:00:00+00:00,2025-12-20T18:00:00+00:00,11,SIM0001,,,2025-12-20T13:36:00+00:00,2025-12-20T13:40:00+00:00,2025-12-20T13:46:00+00:00,2025-12-20T14:05:00+00:00,,4,6,19,29
64,MOVE_BETWEEN_SLOTS,completed,auto,1,1,15,16,1,FORKLIFT,1,2025-12-20,2025-12-20T09:00:00+00:00,2025-12-20T09:00:00+00:00,2025-12-20T18:00:00+00:00,22,SIM0012,,,2025-12-20T13:45:00+00:00,2025-12-20T13:46:00+00:00,2025-12-20T13:52:00+00:00,2025-12-20T14:08:00+00:00,,1,6,16,23
65,DISPATCH_CARGO,completed,auto,4,1,20,22,1,DISPATCH,1,2025-12-20,2025-12-20T09:00:00+00:00,2025-12-20T09:00:00+00:00,2025-12-20T18:00:00+00:00,11,SIM0001,,,2025-12-20T13:51:00+00:00,2025-12-20T13:53:00+00:00,2025-12-20T13:58:00+00:00,2025-12-20T14:20:00+00:00,,2,5,22,29
66,MOVE_BETWEEN_SLOTS,completed,auto,2,5,30,31,1,FORKLIFT,1,2025-12-20,2025-12-20T09:00:00+00:00,2025-12-20T09:00:00+00:00,2025-12-20T18:00:00+00:00,18,SIM0008,,,2025-12-20T13:52:00+00:00,2025-12-20T13:58:00+00:00,2025-12-20T14:03:00+00:00,2025-12-20T14:34:00+00:00,,6,5,31,42
67,PUTAWAY_TO_RACK,completed,auto,3,4,38,44,1,FORKLIFT,1,2025-12-20,2025-12-20T09:00:00+00:00,2025-12-20T09:00:00+00:00,2025-12-20T18:00:00+00:00,16,SIM0006,,,2025-12-20T13:57:00+00:00,2025-12-20T14:02:00+00:00,2025-12-20T14:08:00+00:00,2025-12-20T14:52:00+00:00,,5,6,44,55
68,PUTAWAY_TO_RACK,completed,auto,3,1,22,30,1,FORKLIFT,1,2025-12-20,2025-12-20T09:00:00+00:00,2025-12-20T09:00:00+00:00,2025-12-20T18:00:00+00:00,16,SIM0006,,,2025-12-20T14:02:00+00:00,2025-12-20T14:04:00+00:00,2025-12-20T14:06:00+00:00,2025-12-20T14:36:00+00:00,,2,2,30,34
69,RECEIVE_TO_INBOUND,completed,auto,3,5,36,32,1,FORKLIFT;RECEIVE,1,2025-12-20,2025-12-20T09:00:00+00:00,2025-12-20T09:00:00+00:00,2025-12-20T18:00:00+00:00,18,SIM0008,,,2025-12-20T14:10:00+00:00,2025-12-20T14:12:00+00:00,2025-12-20T14:19:00+00:00,2025-12-20T14:51:00+00:00,,2,7,32,41
70,MOVE_BETWEEN_SLOTS,completed,auto,1,2,18,22,1,FORKLIFT,1,2025-12-20,2025-12-20T09:00:00+00:00,2025-12-20T09:00:00+00:00,2025-12-20T18:00:00+00:00,16,SIM0006,,,2025-12-20T14:17:00+00:00,2025-12-20T14:20:00+00:00,2025-12-20T14:27:00+00:00,2025-12-20T14:49:00+00:00,,3,7,22,32
71,PUTAWAY_TO_RACK,completed,auto,1,3,33,45,1,FORKLIFT,1,2025-12-20,2025-12-20T09:00:00+00:00,2025-12-20T09:00:00+00:00,2025-12-20T18:00:00+00:00,22,SIM0012,,,2025-12-20T14:18:00+00:00,2025-12-20T14:26:00+00:00,2025-12-20T14:29:00+00:00,2025-12-20T15:14:00+00:00,,8,3,45,56
72,GENERAL,completed,auto,0,2,12,10,1,,1,2025-12-20,2025-12-20T09:00:00+00:00,2025-12-20T09:00:00+00:00,2025-12-20T18:00:00+00:00,12,SIM0002,,,2025-12-20T14:23:00+00:00,2025-12-20T14:32:00+00:00,2025-12-20T14:35:00+00:00,2025-12-20T14:45:00+00:00,,9,3,10,22
73,RECEIVE_TO_INBOUND,completed,auto,3,1,18,17,1,FORKLIFT;RECEIVE,1,2025-12-20,2025-12-20T09:00:00+00:00,2025-12-20T09:00:00+00:00,2025-12-20T18:00:00+00:00,18,SIM0008,,,2025-12-20T14:34:00+00:00,2025-12-20T14:35:00+00:00,2025-12-20T14:41:00+00:00,2025-12-20T14:58:00+00:00,,1,6,17,24
74,MOVE_BETWEEN_SLOTS,completed,auto,1,3,22,27,1,FORKLIFT,1,2025-12-20,2025-12-20T09:00:00+00:00,2025-12-20T09:00:00+00:00,2025-12-20T18:00:00+00:00,21,SIM0011,,,2025-12-20T14:34:00+00:00,2025-12-20T14:39:00+00:00,2025-12-20T14:40:00+00:00,2025-12-20T15:07:00+00:00,,5,1,27,33
75,GENERAL,completed,auto,0,5,20,18,1,,1,2025-12-20,2025-12-20T09:00:00+00:00,2025-12-20T09:00:00+00:00,2025-12-20T18:00:00+00:00,15,SIM0005,,,2025-12-20T14:46:00+00:00,2025-12-20T14:47:00+00:00,2025-12-20T14:54:00+00:00,2025-12-20T15:12:00+00:00,,1,7,18,26
76,RECEIVE_TO_INBOUND,completed,auto,3,2,22,24,1,FORKLIFT;RECEIVE,1,2025-12-20,2025-12-20T09:00:00+00:00,2025-12-20T09:00:00+00:00,2025-12-20T18:00:00+00:00,22,SIM0012,,,2025-12-20T14:49:00+00:00,2025-12-20T14:51:00+00:00,2025-12-20T14:52:00+00:00,2025-12-20T15:16:00+00:00,,2,1,24,27
77,GENERAL,completed,auto,0,4,17,16,1,,1,2025-12-20,2025-12-20T09:00:00+00:00,2025-12-20T09:00:00+00:00,2025-12-20T18:00:00+00:00,20,SIM0010,,,2025-12-20T14:50:00+00:00,2025-12-20T14:59:00+00:00,2025-12-20T15:06:00+00:00,2025-12-20T15:22:00+00:00,,9,7,16,32
78,PUTAWAY_TO_RACK,completed,auto,1,5,44,55,1,FORKLIFT,1,2025-12-20,2025-12-20T09:00:00+00:00,2025-12-20T09:00:00+00:00,2025-12-20T18:00:00+00:00,22,SIM0012,,,2025-12-20T15:01:00+00:00,2025-12-20T15:01:00+00:00,2025-12-20T15:04:00+00:00,2025-12-20T15:59:00+00:00,,0,3,55,58
79,RECEIVE_TO_INBOUND,completed,auto,3,2,22,28,1,FORKLIFT;RECEIVE,1,2025-12-20,2025-12-20T09:00:00+00:00,2025-12-20T09:00:00+00:00,2025-12-20T18:00:00+00:00,18,SIM0008,,,2025-12-20T14:58:00+00:00,2025-12-20T15:04:00+00:00,2025-12-20T15:10:00+00:00,2025-12-20T15:38:00+00:00,,6,6,28,40
80,DISPATCH_CARGO,completed,auto,4,5,40,42,1,DISPATCH,1,2025-12-20,2025-12-20T09:00:00+00:00,2025-12-20T09:00:00+00:00,2025-12-20T18:00:00+00:00,11,SIM0001,,,2025-12-20T15:01:00+00:00,2025-12-20T15:07:00+00:00,2025-12-20T15:08:00+00:00,2025-12-20T15:50:00+00:00,,6,1,42,49
81,DISPATCH_CARGO,completed,auto,5,1,20,22,1,DISPATCH,1,2025-12-20,2025-12-20T09:00:00+00:00,2025-12-20T09:00:00+00:00,2025-12-20T18:00:00+00:00,19,SIM0009,,,2025-12-20T15:11:00+00:00,2025-12-20T15:15:00+00:00,2025-12-20T15:19:00+00:00,2025-12-20T15:41:00+00:00,,4,4,22,30
82,RECEIVE_TO_INBOUND,completed,auto,3,3,27,28,1,FORKLIFT;RECEIVE,1,2025-12-20,2025-12-20T09:00:00+00:00,2025-12-20T09:00:00+00:00,2025-12-20T18:00:00+00:00,22,SIM0012,,,2025-12-20T15:16:00+00:00,2025-12-20T15:17:00+00:00,2025-12-20T15:20:00+00:00,2025-12-20T15:48:00+00:00,,1,3,28,32
83,PUTAWAY_TO_RACK,completed,auto,3,4,38,47,1,FORKLIFT,1,2025-12-20,2025-12-20T09:00:00+00:00,2025-12-20T09:00:00+00:00,2025-12-20T18:00:00+00:00,16,SIM0006,,,2025-12-20T15:21:00+00:00,2025-12-20T15:22:00+00:00,2025-12-20T15:24:00+00:00,2025-12-20T16:11:00+00:00,,1,2,47,50
84,GENERAL,completed,auto,0,5,20,18,1,,1,2025-12-20,2025-12-20T09:00:00+00:00,2025-12-20T09:00:00+00:00,2025-12-20T18:00:00+00:00,12,SIM0002,,,2025-12-20T15:21:00+00:00,2025-12-20T15:28:00+00:00,2025-12-20T15:32:00+00:00,2025-12-20T15:50:00+00:00,,7,4,18,29
85,DISPATCH_CARGO,completed,auto,4,4,35,41,1,DISPATCH,1,2025-12-20,2025-12-20T09:00:00+00:00,2025-12-20T09:00:00+00:00,2025-12-20T18:00:00+00:00,11,SIM0001,,,2025-12-20T15:36:00+00:00,2025-12-20T15:36:00+00:00,2025-12-20T15:37:00+00:00,2025-12-20T16:18:00+00:00,,0,1,41,42
86,RECEIVE_TO_INBOUND,completed,auto,4,1,18,21,1,FORKLIFT;RECEIVE,1,2025-12-20,2025-12-20T09:00:00+00:00,2025-12-20T09:00:00+00:00,2025-12-20T18:00:00+00:00,18,SIM0008,,,2025-12-20T15:33:00+00:00,2025-12-20T15:40:00+00:00,2025-12-20T15:41:00+00:00,2025-12-20T16:02:00+00:00,,7,1,21,29
87,MOVE_BETWEEN_SLOTS,completed,auto,2,5,30,33,1,FORKLIFT,1,2025-12-20,2025-12-20T09:00:00+00:00,2025-12-20T09:00:00+00:00,2025-12-20T18:00:00+00:00,21,SIM0011,,,2025-12-20T15:47:00+00:00,2025-12-20T15:48:00+00:00,2025-12-20T15:54:00+00:00,2025-12-20T16:27:00+00:00,,1,6,33,40
88,RECEIVE_TO_INBOUND,completed,auto,4,2,22,26,1,FORKLIFT;RECEIVE,1,2025-12-20,2025-12-20T09:00:00+00:00,2025-12-20T09:00:00+00:00,2025-12-20T18:00:00+00:00,22,SIM0012,,,2025-12-20T15:48:00+00:00,2025-12-20T15:54:00+00:00,2025-12-20T15:58:00+00:00,2025-12-20T16:24:00+00:00,,6,4,26,36
89,GENERAL,completed,auto,0,1,10,10,1,,1,2025-12-20,2025-12-20T09:00:00+00:00,2025-12-20T09:00:00+00:00,2025-12-20T18:00:00+00:00,17,SIM0007,,,2025-12-20T15:52:00+00:00,2025-12-20T16:02:00+00:00,2025-12-20T16:08:00+00:00,2025-12-20T16:18:00+00:00,,10,6,10,26
90,DISPATCH_CARGO,completed,auto,4,5,40,49,1,DISPATCH,1,2025-12-20,2025-12-20T09:00:00+00:00,2025-12-20T09:00:00+00:00,2025-12-20T18:00:00+00:00,11,SIM0001,,,2025-12-20T16:00:00+00:00,2025-12-20T16:07:00+00:00,2025-12-20T16:10:00+00:00,2025-12-20T16:59:00+00:00,,7,3,49,59
91,PUTAWAY_TO_RACK,completed,auto,1,2,27,34,1,FORKLIFT,1,2025-12-20,2025-12-20T09:00:00+00:00,2025-12-20T09:00:00+00:00,2025-12-20T18:00:00+00:00,21,SIM0011,,,2025-12-20T16:10:00+00:00,2025-12-20T16:10:00+00:00,2025-12-20T16:15:00+00:00,2025-12-20T16:49:00+00:00,,0,5,34,39
92,GENERAL,completed,auto,0,4,17,17,1,,1,2025-12-20,2025-12-20T09:00:00+00:00,2025-12-20T09:00:00+00:00,2025-12-20T18:00:00+00:00,14,SIM0004,,,2025-12-20T16:14:00+00:00,2025-12-20T16:17:00+00:00,2025-12-20T16:22:00+00:00,2025-12-20T16:39:00+00:00,,3,5,17,25
93,GENERAL,completed,auto,0,2,12,13,1,,1,2025-12-20,2025-12-20T09:00:00+00:00,2025-12-20T09:00:00+00:00,2025-12-20T18:00:00+00:00,12,SIM0002,,,2025-12-20T16:14:00+00:00,2025-12-20T16:21:00+00:00,2025-12-20T16:28:00+00:00,2025-12-20T16:41:00+00:00,,7,7,13,27
94,PUTAWAY_TO_RACK,completed,auto,2,1,22,29,1,FORKLIFT,1,2025-12-20,2025-12-20T09:00:00+00:00,2025-12-20T09:00:00+00:00,2025-12-20T18:00:00+00:00,22,SIM0012,,,2025-12-20T16:18:00+00:00,2025-12-20T16:25:00+00:00,2025-12-20T16:32:00+00:00,2025-12-20T17:01:00+00:00,,7,7,29,43
95,DISPATCH_CARGO,completed,auto,3,5,40,48,1,DISPATCH,1,2025-12-20,2025-12-20T09:00:00+00:00,2025-12-20T09:00:00+00:00,2025-12-20T18:00:00+00:00,11,SIM0001,,,2025-12-20T16:24:00+00:00,2025-12-20T16:32:00+00:00,2025-12-20T16:37:00+00:00,2025-12-20T17:25:00+00:00,,8,5,48,61
96,MOVE_BETWEEN_SLOTS,completed,auto,1,2,18,25,1,FORKLIFT,1,2025-12-20,2025-12-20T09:00:00+00:00,2025-12-20T09:00:00+00:00,2025-12-20T18:00:00+00:00,18,SIM0008,,,2025-12-20T16:29:00+00:00,2025-12-20T16:37:00+00:00,2025-12-20T16:42:00+00:00,2025-12-20T17:07:00+00:00,,8,5,25,38
97,PUTAWAY_TO_RACK,completed,auto,3,3,33,41,1,FORKLIFT,1,2025-12-20,2025-12-20T09:00:00+00:00,2025-12-20T09:00:00+00:00,2025-12-20T18:00:00+00:00,16,SIM0006,,,2025-12-20T16:34:00+00:00,2025-12-20T16:39:00+00:00,2025-12-20T16:44:00+00:00,2025-12-20T17:25:00+00:00,,5,5,41,51
98,DISPATCH_CARGO,completed,auto,3,4,35,36,1,DISPATCH,1,2025-12-20,2025-12-20T09:00:00+00:00,2025-12-20T09:00:00+00:00,2025-12-20T18:00:00+00:00,19,SIM0009,,,2025-12-20T16:36:00+00:00,2025-12-20T16:41:00+00:00,2025-12-20T16:42:00+00:00,2025-12-20T17:18:00+00:00,,5,1,36,42
99,MOVE_BETWEEN_SLOTS,completed,auto,0,2,18,21,1,FORKLIFT,1,2025-12-20,2025-12-20T09:00:00+00:00,2025-12-20T09:00:00+00:00,2025-12-20T18:00:00+00:00,18,SIM0008,,,2025-12-20T16:39:00+00:00,2025-12-20T16:49:00+00:00,2025-12-20T16:56:00+00:00,2025-12-20T17:17:00+00:00,,10,7,21,38
100,DISPATCH_CARGO,completed,auto,4,2,25,30,1,DISPATCH,1,2025-12-20,2025-12-20T09:00:00+00:00,2025-12-20T09:00:00+00:00,2025-12-20T18:00:00+00:00,19,SIM0009,,,2025-12-20T16:47:00+00:00,2025-12-20T16:52:00+00:00,2025-12-20T16:53:00+00:00,2025-12-20T17:23:00+00:00,,5,1,30,36
101,GENERAL,completed,auto,0,4,17,18,1,,1,2025-12-20,2025-12-20T09:00:00+00:00,2025-12-20T09:00:00+00:00,2025-12-20T18:00:00+00:00,20,SIM0010,,,2025-12-20T16:49:00+00:00,2025-12-20T16:56:00+00:00,2025-12-20T16:58:00+00:00,2025-12-20T17:16:00+00:00,,7,2,18,27
102,GENERAL,completed,auto,0,3,15,16,1,,1,2025-12-20,2025-12-20T09:00:00+00:00,2025-12-20T09:00:00+00:00,2025-12-20T18:00:00+00:00,12,SIM0002,,,2025-12-20T17:03:00+00:00,2025-12-20T17:03:00+00:00,2025-12-20T17:10:00+00:00,2025-12-20T17:26:00+00:00,,0,7,16,23
103,RECEIVE_TO_INBOUND,completed,auto,3,2,22,26,1,FORKLIFT;RECEIVE,1,2025-12-20,2025-12-20T09:00:00+00:00,2025-12-20T09:00:00+00:00,2025-12-20T18:00:00+00:00,18,SIM0008,,,2025-12-20T16:58:00+00:00,2025-12-20T17:05:00+00:00,2025-12-20T17:11:00+00:00,2025-12-20T17:37:00+00:00,,7,6,26,39
104,DISPATCH_CARGO,completed,auto,4,1,20,27,1,DISPATCH,1,2025-12-20,2025-12-20T09:00:00+00:00,2025-12-20T09:00:00+00:00,2025-12-20T18:00:00+00:00,16,SIM0006,,,2025-12-20T17:02:00+00:00,2025-12-20T17:09:00+00:00,2025-12-20T17:11:00+00:00,2025-12-20T17:38:00+00:00,,7,2,27,36
105,GENERAL,completed,auto,0,1,10,8,1,,1,2025-12-20,2025-12-20T09:00:00+00:00,2025-12-20T09:00:00+00:00,2025-12-20T18:00:00+00:00,17,SIM0007,,,2025-12-20T17:10:00+00:00,2025-12-20T17:15:00+00:00,2025-12-20T17:22:00+00:00,2025-12-20T17:30:00+00:00,,5,7,8,20
106,RECEIVE_TO_INBOUND,completed,auto,3,2,22,20,1,FORKLIFT;RECEIVE,1,2025-12-20,2025-12-20T09:00:00+00:00,2025-12-20T09:00:00+00:00,2025-12-20T18:00:00+00:00,18,SIM0008,,,2025-12-20T17:17:00+00:00,2025-12-20T17:22:00+00:00,2025-12-20T17:27:00+00:00,2025-12-20T17:47:00+00:00,,5,5,20,30
107,GENERAL,completed,auto,0,1,10,10,1,,1,2025-12-20,2025-12-20T09:00:00+00:00,2025-12-20T09:00:00+00:00,2025-12-20T18:00:00+00:00,20,SIM0010,,,2025-12-20T17:19:00+00:00,2025-12-20T17:27:00+00:00,2025-12-20T17:34:00+00:00,2025-12-20T17:44:00+00:00,,8,7,10,25
108,MOVE_BETWEEN_SLOTS,completed,auto,1,2,18,24,1,FORKLIFT,1,2025-12-20,2025-12-20T09:00:00+00:00,2025-12-20T09:00:00+00:00,2025-12-20T18:00:00+00:00,22,SIM0012,,,2025-12-20T09:37:00+00:00,2025-12-20T09:41:00+00:00,2025-12-20T09:46:00+00:00,2025-12-20T10:10:00+00:00,,4,5,24,33
109,GENERAL,completed,auto,0,5,20,19,1,,1,2025-12-20,2025-12-20T09:00:00+00:00,2025-12-20T09:00:00+00:00,2025-12-20T18:00:00+00:00,19,SIM0009,,,2025-12-20T09:40:00+00:00,2025-12-20T09:44:00+00:00,2025-12-20T09:49:00+00:00,2025-12-20T10:08:00+00:00,,4,5,19,28
110,DISPATCH_CARGO,completed,auto,5,2,25,30,1,DISPATCH,1,2025-12-20,2025-12-20T09:00:00+00:00,2025-12-20T09:00:00+00:00,2025-12-20T18:00:00+00:00,11,SIM0001,,,2025-12-20T09:46:00+00:00,2025-12-20T09:51:00+00:00,2025-12-20T09:53:00+00:00,2025-12-20T10:23:00+00:00,,5,2,30,37
111,MOVE_BETWEEN_SLOTS,completed,auto,1,3,22,27,1,FORKLIFT,1,2025-12-20,2025-12-20T09:00:00+00:00,2025-12-20T09:00:00+00:00,2025-12-20T18:00:00+00:00,22,SIM0012,,,2025-12-20T09:56:00+00:00,2025-12-20T09:57:00+00:00,2025-12-20T10:01:00+00:00,2025-12-20T10:28:00+00:00,,1,4,27,32
112,PUTAWAY_TO_RACK,completed,auto,1,1,22,33,1,FORKLIFT,1,2025-12-20,2025-12-20T09:00:00+00:00,2025-12-20T09:00:00+00:00,2025-12-20T18:00:00+00:00,22,SIM0012,,,2025-12-20T09:56:00+00:00,2025-12-20T10:01:00+00:00,2025-12-20T10:03:00+00:00,2025-12-20T10:36:00+00:00,,5,2,33,40
113,PUTAWAY_TO_RACK,completed,auto,3,2,27,39,1,FORKLIFT,1,2025-12-20,2025-12-20T09:00:00+00:00,2025-12-20T09:00:00+00:00,2025-12-20T18:00:00+00:00,21,SIM0011,,,2025-12-20T10:00:00+00:00,2025-12-20T10:07:00+00:00,2025-12-20T10:12:00+00:00,2025-12-20T10:51:00+00:00,,7,5,39,51
114,RECEIVE_TO_INBOUND,completed,auto,3,1,18,21,1,FORKLIFT;RECEIVE,1,2025-12-20,2025-12-20T09:00:00+00:00,2025-12-20T09:00:00+00:00,2025-12-20T18:00:00+00:00,18,SIM0008,,,2025-12-20T10:06:00+00:00,2025-12-20T10:10:00+00:00,2025-12-20T10:14:00+00:00,2025-12-20T10:35:00+00:00,,4,4,21,29
115,RECEIVE_TO_INBOUND,completed,auto,3,4,31,42,1,FORKLIFT;RECEIVE,1,2025-12-20,2025-12-20T09:00:00+00:00,2025-12-20T09:00:00+00:00,2025-12-20T18:00:00+00:00,22,SIM0012,,,2025-12-20T10:08:00+00:00,2025-12-20T10:16:00+00:00,2025-12-20T10:21:00+00:00,2025-12-20T11:03:00+00:00,,8,5,42,55
116,GENERAL,completed,auto,0,3,15,15,1,,1,2025-12-20,2025-12-20T09:00:00+00:00,2025-12-20T09:00:00+00:00,2025-12-20T18:00:00+00:00,15,SIM0005,,,2025-12-20T10:13:00+00:00,2025-12-20T10:19:00+00:00,2025-12-20T10:24:00+00:00,2025-12-20T10:39:00+00:00,,6,5,15,26
117,MOVE_BETWEEN_SLOTS,completed,auto,1,5,30,41,1,FORKLIFT,1,2025-12-20,2025-12-20T09:00:00+00:00,2025-12-20T09:00:00+00:00,2025-12-20T18:00:00+00:00,22,SIM0012,,,2025-12-20T10:17:00+00:00,2025-12-20T10:25:00+00:00,2025-12-20T10:32:00+00:00,2025-12-20T11:13:00+00:00,,8,7,41,56
118,DISPATCH_CARGO,completed,auto,4,1,20,23,1,DISPATCH,1,2025-12-20,2025-12-20T09:00:00+00:00,2025-12-20T09:00:00+00:00,2025-12-20T18:00:00+00:00,11,SIM0001,,,2025-12-20T10:21:00+00:00,2025-12-20T10:31:00+00:00,2025-12-20T10:34:00+00:00,2025-12-20T10:57:00+00:00,,10,3,23,36
119,MOVE_BETWEEN_SLOTS,completed,auto,1,5,30,37,1,FORKLIFT,1,2025-12-20,2025-12-20T09:00:00+00:00,2025-12-20T09:00:00+00:00,2025-12-20T18:00:00+00:00,18,SIM0008,,,2025-12-20T10:27:00+00:00,2025-12-20T10:33:00+00:00,2025-12-20T10:40:00+00:00,2025-12-20T11:17:00+00:00,,6,7,37,50
120,RECEIVE_TO_INBOUND,completed,auto,2,5,36,46,1,FORKLIFT;RECEIVE,1,2025-12-20,2025-12-20T09:00:00+00:00,2025-12-20T09:00:00+00:00,2025-12-20T18:00:00+00:00,22,SIM0012,,,2025-12-20T10:27:00+00:00,2025-12-20T10:36:00+00:00,2025-12-20T10:41:00+00:00,2025-12-20T11:27:00+00:00,,9,5,46,60
121,PUTAWAY_TO_RACK,completed,auto,2,5,44,53,1,FORKLIFT,1,2025-12-20,2025-12-20T09:00:00+00:00,2025-12-20T09:00:00+00:00,2025-12-20T18:00:00+00:00,18,SIM0008,,,2025-12-20T10:33:00+00:00,2025-12-20T10:41:00+00:00,2025-12-20T10:45:00+00:00,2025-12-20T11:38:00+00:00,,8,4,53,65
122,MOVE_BETWEEN_SLOTS,completed,auto,2,5,30,40,1,FORKLIFT,1,2025-12-20,2025-12-20T09:00:00+00:00,2025-12-20T09:00:00+00:00,2025-12-20T18:00:00+00:00,22,SIM0012,,,2025-12-20T10:41:00+00:00,2025-12-20T10:45:00+00:00,2025-12-20T10:48:00+00:00,2025-12-20T11:28:00+00:00,,4,3,40,47
123,MOVE_BETWEEN_SLOTS,completed,auto,1,4,26,31,1,FORKLIFT,1,2025-12-20,2025-12-20T09:00:00+00:00,2025-12-20T09:00:00+00:00,2025-12-20T18:00:00+00:00,18,SIM0008,,,2025-12-20T10:46:00+00:00,2025-12-20T10:52:00+00:00,2025-12-20T10:57:00+00:00,2025-12-20T11:28:00+00:00,,6,5,31,42
124,MOVE_BETWEEN_SLOTS,completed,auto,1,1,15,20,1,FORKLIFT,1,2025-12-20,2025-12-20T09:00:00+00:00,2025-12-20T09:00:00+00:00,2025-12-20T18:00:00+00:00,21,SIM0011,,,2025-12-20T10:54:00+00:00,2025-12-20T10:57:00+00:00,2025-12-20T10:59:00+00:00,2025-12-20T11:19:00+00:00,,3,2,20,25
125,GENERAL,completed,auto,0,3,15,17,1,,1,2025-12-20,2025-12-20T09:00:00+00:00,2025-12-20T09:00:00+00:00,2025-12-20T18:00:00+00:00,20,SIM0010,,,2025-12-20T10:59:00+00:00,2025-12-20T11:05:00+00:00,2025-12-20T11:07:00+00:00,2025-12-20T11:24:00+00:00,,6,2,17,25
126,GENERAL,completed,auto,0,1,10,9,1,,1,2025-12-20,2025-12-20T09:00:00+00:00,2025-12-20T09:00:00+00:00,2025-12-20T18:00:00+00:00,12,SIM0002,,,2025-12-20T11:08:00+00:00,2025-12-20T11:12:00+00:00,2025-12-20T11:15:00+00:00,2025-12-20T11:24:00+00:00,,4,3,9,16
127,MOVE_BETWEEN_SLOTS,completed,auto,2,2,18,23,1,FORKLIFT,1,2025-12-20,2025-12-20T09:00:00+00:00,2025-12-20T09:00:00+00:00,2025-12-20T18:00:00+00:00,21,SIM0011,,,2025-12-20T11:14:00+00:00,2025-12-20T11:17:00+00:00,2025-12-20T11:23:00+00:00,2025-12-20T11:46:00+00:00,,3,6,23,32
128,DISPATCH_CARGO,completed,auto,4,5,40,50,1,DISPATCH,1,2025-12-20,2025-12-20T09:00:00+00:00,2025-12-20T09:00:00+00:00,2025-12-20T18:00:00+00:00,11,SIM0001,,,2025-12-20T11:13:00+00:00,2025-12-20T11:20:00+00:00,2025-12-20T11:22:00+00:00,2025-12-20T12:12:00+00:00,,7,2,50,59
129,RECEIVE_TO_INBOUND,completed,auto,4,3,27,35,1,FORKLIFT;RECEIVE,1,2025-12-20,2025-12-20T09:00:00+00:00,2025-12-20T09:00:00+00:00,2025-12-20T18:00:00+00:00,18,SIM0008,,,2025-12-20T11:20:00+00:00,2025-12-20T11:24:00+00:00,2025-12-20T11:25:00+00:00,2025-12-20T12:00:00+00:00,,4,1,35,40
130,PUTAWAY_TO_RACK,completed,auto,1,1,22,30,1,FORKLIFT,1,2025-12-20,2025-12-20T09:00:00+00:00,2025-12-20T09:00:00+00:00,2025-12-20T18:00:00+00:00,16,SIM0006,,,2025-12-20T11:27:00+00:00,2025-12-20T11:31:00+00:00,2025-12-20T11:38:00+00:00,2025-12-20T12:08:00+00:00,,4,7,30,41
131,MOVE_BETWEEN_SLOTS,completed,auto,1,5,30,37,1,FORKLIFT,1,2025-12-20,2025-12-20T09:00:00+00:00,2025-12-20T09:00:00+00:00,2025-12-20T18:00:00+00:00,16,SIM0006,,,2025-12-20T11:30:00+00:00,2025-12-20T11:38:00+00:00,2025-12-20T11:42:00+00:00,2025-12-20T12:19:00+00:00,,8,4,37,49
132,PUTAWAY_TO_RACK,completed,auto,1,5,44,67,1,FORKLIFT,1,2025-12-20,2025-12-20T09:00:00+00:00,2025-12-20T09:00:00+00:00,2025-12-20T18:00:00+00:00,22,SIM0012,,,2025-12-20T11:40:00+00:00,2025-12-20T11:43:00+00:00,2025-12-20T11:48:00+00:00,2025-12-20T12:55:00+00:00,,3,5,67,75
133,PUTAWAY_TO_RACK,completed,auto,3,3,33,52,1,FORKLIFT,1,2025-12-20,2025-12-20T09:00:00+00:00,2025-12-20T09:00:00+00:00,2025-12-20T18:00:00+00:00,21,SIM0011,,,2025-12-20T11:49:00+00:00,2025-12-20T11:49:00+00:00,2025-12-20T11:56:00+00:00,2025-12-20T12:48:00+00:00,,0,7,52,59
134,DISPATCH_CARGO,completed,auto,3,5,40,50,1,DISPATCH,1,2025-12-20,2025-12-20T09:00:00+00:00,2025-12-20T09:00:00+00:00,2025-12-20T18:00:00+00:00,11,SIM0001,,,2025-12-20T11:48:00+00:00,2025-12-20T11:54:00+00:00,2025-12-20T11:55:00+00:00,2025-12-20T12:45:00+00:00,,6,1,50,57
135,PUTAWAY_TO_RACK,completed,auto,1,5,44,69,1,FORKLIFT,1,2025-12-20,2025-12-20T09:00:00+00:00,2025-12-20T09:00:00+00:00,2025-12-20T18:00:00+00:00,16,SIM0006,,,2025-12-20T11:51:00+00:00,2025-12-20T11:58:00+00:00,2025-12-20T11:59:00+00:00,2025-12-20T13:08:00+00:00,,7,1,69,77
136,PUTAWAY_TO_RACK,completed,auto,3,2,27,35,1,FORKLIFT,1,2025-12-20,2025-12-20T09:00:00+00:00,2025-12-20T09:00:00+00:00,2025-12-20T18:00:00+00:00,21,SIM0011,,,2025-12-20T11:50:00+00:00,2025-12-20T12:00:00+00:00,2025-12-20T12:01:00+00:00,2025-12-20T12:36:00+00:00,,10,1,35,46
137,MOVE_BETWEEN_SLOTS,completed,auto,1,1,15,21,1,FORKLIFT,1,2025-12-20,2025-12-20T09:00:00+00:00,2025-12-20T09:00:00+00:00,2025-12-20T18:00:00+00:00,18,SIM0008,,,2025-12-20T12:07:00+00:00,2025-12-20T12:07:00+00:00,2025-12-20T12:14:00+00:00,2025-12-20T12:35:00+00:00,,0,7,21,28
138,GENERAL,completed,auto,0,4,17,17,1,,1,2025-12-20,2025-12-20T09:00:00+00:00,2025-12-20T09:00:00+00:00,2025-12-20T18:00:00+00:00,20,SIM0010,,,2025-12-20T12:02:00+00:00,2025-12-20T12:11:00+00:00,2025-12-20T12:15:00+00:00,2025-12-20T12:32:00+00:00,,9,4,17,30
139,GENERAL,completed,auto,0,3,15,14,1,,1,2025-12-20,2025-12-20T09:00:00+00:00,2025-12-20T09:00:00+00:00,2025-12-20T18:00:00+00:00,12,SIM0002,,,2025-12-20T12:16:00+00:00,2025-12-20T12:18:00+00:00,2025-12-20T12:24:00+00:00,2025-12-20T12:38:00+00:00,,2,6,14,22
140,DISPATCH_CARGO,completed,auto,4,2,25,28,1,DISPATCH,1,2025-12-20,2025-12-20T09:00:00+00:00,2025-12-20T09:00:00+00:00,2025-12-20T18:00:00+00:00,19,SIM0009,,,2025-12-20T12:23:00+00:00,2025-12-20T12:25:00+00:00,2025-12-20T12:31:00+00:00,2025-12-20T12:59:00+00:00,,2,6,28,36
141,RECEIVE_TO_INBOUND,completed,auto,4,5,36,48,1,FORKLIFT;RECEIVE,1,2025-12-20,2025-12-20T09:00:00+00:00,2025-12-20T09:00:00+00:00,2025-12-20T18:00:00+00:00,18,SIM0008,,,2025-12-20T12:30:00+00:00,2025-12-20T12:33:00+00:00,2025-12-20T12:36:00+00:00,2025-12-20T13:24:00+00:00,,3,3,48,54
142,DISPATCH_CARGO,completed,auto,3,3,30,33,1,DISPATCH,1,2025-12-20,2025-12-20T09:00:00+00:00,2025-12-20T09:00:00+00:00,2025-12-20T18:00:00+00:00,11,SIM0001,,,2025-12-20T12:36:00+00:00,2025-12-20T12:37:00+00:00,2025-12-20T12:38:00+00:00,2025-12-20T13:11:00+00:00,,1,1,33,35
143,DISPATCH_CARGO,completed,auto,4,2,25,34,1,DISPATCH,1,2025-12-20,2025-12-20T09:00:00+00:00,2025-12-20T09:00:00+00:00,2025-12-20T18:00:00+00:00,11,SIM0001,,,2025-12-20T12:39:00+00:00,2025-12-20T12:40:00+00:00,2025-12-20T12:42:00+00:00,2025-12-20T13:16:00+00:00,,1,2,34,37
144,PUTAWAY_TO_RACK,completed,auto,2,5,44,63,1,FORKLIFT,1,2025-12-20,2025-12-20T09:00:00+00:00,2025-12-20T09:00:00+00:00,2025-12-20T18:00:00+00:00,16,SIM0006,,,2025-12-20T12:42:00+00:00,2025-12-20T12:47:00+00:00,2025-12-20T12:53:00+00:00,2025-12-20T13:56:00+00:00,,5,6,63,74
145,GENERAL,completed,auto,1,4,17,18,1,,1,2025-12-20,2025-12-20T09:00:00+00:00,2025-12-20T09:00:00+00:00,2025-12-20T18:00:00+00:00,17,SIM0007,,,2025-12-20T12:47:00+00:00,2025-12-20T12:51:00+00:00,2025-12-20T12:55:00+00:00,2025-12-20T13:13:00+00:00,,4,4,18,26
146,DISPATCH_CARGO,completed,auto,4,4,35,47,1,DISPATCH,1,2025-12-20,2025-12-20T09:00:00+00:00,2025-12-20T09:00:00+00:00,2025-12-20T18:00:00+00:00,11,SIM0001,,,2025-12-20T12:44:00+00:00,2025-12-20T12:54:00+00:00,2025-12-20T12:59:00+00:00,2025-12-20T13:46:00+00:00,,10,5,47,62
147,RECEIVE_TO_INBOUND,completed,auto,2,1,18,25,1,FORKLIFT;RECEIVE,1,2025-12-20,2025-12-20T09:00:00+00:00,2025-12-20T09:00:00+00:00,2025-12-20T18:00:00+00:00,18,SIM0008,,,2025-12-20T12:54:00+00:00,2025-12-20T12:56:00+00:00,2025-12-20T13:02:00+00:00,2025-12-20T13:27:00+00:00,,2,6,25,33
148,GENERAL,completed,auto,0,4,17,19,1,,1,2025-12-20,2025-12-20T09:00:00+00:00,2025-12-20T09:00:00+00:00,2025-12-20T18:00:00+00:00,17,SIM0007,,,2025-12-20T12:48:00+00:00,2025-12-20T12:58:00+00:00,2025-12-20T13:04:00+00:00,2025-12-20T13:23:00+00:00,,10,6,19,35
149,DISPATCH_CARGO,completed,auto,4,1,20,27,1,DISPATCH,1,2025-12-20,2025-12-20T09:00:00+00:00,2025-12-20T09:00:00+00:00,2025-12-20T18:00:00+00:00,19,SIM0009,,,2025-12-20T13:02:00+00:00,2025-12-20T13:03:00+00:00,2025-12-20T13:10:00+00:00,2025-12-20T13:37:00+00:00,,1,7,27,35
150,RECEIVE_TO_INBOUND,completed,auto,4,4,31,46,1,FORKLIFT;RECEIVE,1,2025-12-20,2025-12-20T09:00:00+00:00,2025-12-20T09:00:00+00:00,2025-12-20T18:00:00+00:00,18,SIM0008,,,2025-12-20T13:08:00+00:00,2025-12-20T13:10:00+00:00,2025-12-20T13:16:00+00:00,2025-12-20T14:02:00+00:00,,2,6,46,54
151,DISPATCH_CARGO,completed,auto,3,3,30,40,1,DISPATCH,1,2025-12-20,2025-12-20T09:00:00+00:00,2025-12-20T09:00:00+00:00,2025-12-20T18:00:00+00:00,16,SIM0006,,,2025-12-20T13:05:00+00:00,2025-12-20T13:12:00+00:00,2025-12-20T13:17:00+00:00,2025-12-20T13:57:00+00:00,,7,5,40,52
152,RECEIVE_TO_INBOUND,completed,auto,2,3,27,41,1,FORKLIFT;RECEIVE,1,2025-12-20,2025-12-20T09:00:00+00:00,2025-12-20T09:00:00+00:00,2025-12-20T18:00:00+00:00,18,SIM0008,,,2025-12-20T13:14:00+00:00,2025-12-20T13:16:00+00:00,2025-12-20T13:21:00+00:00,2025-12-20T14:02:00+00:00,,2,5,41,48
153,RECEIVE_TO_INBOUND,completed,auto,3,3,27,32,1,FORKLIFT;RECEIVE,1,2025-12-20,2025-12-20T09:00:00+00:00,2025-12-20T09:00:00+00:00,2025-12-20T18:00:00+00:00,18,SIM0008,,,2025-12-20T13:22:00+00:00,2025-12-20T13:24:00+00:00,2025-12-20T13:28:00+00:00,2025-12-20T14:00:00+00:00,,2,4,32,38
154,GENERAL,completed,auto,0,3,15,17,1,,1,2025-12-20,2025-12-20T09:00:00+00:00,2025-12-20T09:00:00+00:00,2025-12-20T18:00:00+00:00,20,SIM0010,,,2025-12-20T13:26:00+00:00,2025-12-20T13:32:00+00:00,2025-12-20T13:36:00+00:00,2025-12-20T13:53:00+00:00,,6,4,17,27
155,RECEIVE_TO_INBOUND,completed,auto,3,3,27,36,1,FORKLIFT;RECEIVE,1,2025-12-20,2025-12-20T09:00:00+00:00,2025-12-20T09:00:00+00:00,2025-12-20T18:00:00+00:00,18,SIM0008,,,2025-12-20T13:30:00+00:00,2025-12-20T13:35:00+00:00,2025-12-20T13:39:00+00:00,2025-12-20T14:15:00+00:00,,5,4,36,45
156,RECEIVE_TO_INBOUND,completed,auto,3,1,18,20,1,FORKLIFT;RECEIVE,1,2025-12-20,2025-12-20T09:00:00+00:00,2025-12-20T09:00:00+00:00,2025-12-20T18:00:00+00:00,18,SIM0008,,,2025-12-20T13:31:00+00:00,2025-12-20T13:39:00+00:00,2025-12-20T13:44:00+00:00,2025-12-20T14:04:00+00:00,,8,5,20,33
157,RECEIVE_TO_INBOUND,completed,auto,2,1,18,24,1,FORKLIFT;RECEIVE,1,2025-12-20,2025-12-20T09:00:00+00:00,2025-12-20T09:00:00+00:00,2025-12-20T18:00:00+00:00,18,SIM0008,,,2025-12-20T13:39:00+00:00,2025-12-20T13:45:00+00:00,2025-12-20T13:48:00+00:00,2025-12-20T14:12:00+00:00,,6,3,24,33
158,DISPATCH_CARGO,completed,auto,3,4,35,47,1,DISPATCH,1,2025-12-20,2025-12-20T09:00:00+00:00,2025-12-20T09:00:00+00:00,2025-12-20T18:00:00+00:00,11,SIM0001,,,2025-12-20T13:41:00+00:00,2025-12-20T13:47:00+00:00,2025-12-20T13:53:00+00:00,2025-12-20T14:40:00+00:00,,6,6,47,59
159,MOVE_BETWEEN_SLOTS,completed,auto,1,3,22,30,1,FORKLIFT,1,2025-12-20,2025-12-20T09:00:00+00:00,2025-12-20T09:00:00+00:00,2025-12-20T18:00:00+00:00,22,SIM0012,,,2025-12-20T13:45:00+00:00,2025-12-20T13:50:00+00:00,2025-12-20T13:51:00+00:00,2025-12-20T14:21:00+00:00,,5,1,30,36
160,GENERAL,completed,auto,0,5,20,21,1,,1,2025-12-20,2025-12-20T09:00:00+00:00,2025-12-20T09:00:00+00:00,2025-12-20T18:00:00+00:00,12,SIM0002,,,2025-12-20T13:51:00+00:00,2025-12-20T13:54:00+00:00,2025-12-20T13:59:00+00:00,2025-12-20T14:20:00+00:00,,3,5,21,29
161,MOVE_BETWEEN_SLOTS,completed,auto,1,4,26,35,1,FORKLIFT,1,2025-12-20,2025-12-20T09:00:00+00:00,2025-12-20T09:00:00+00:00,2025-12-20T18:00:00+00:00,22,SIM0012,,,2025-12-20T13:59:00+00:00,2025-12-20T13:59:00+00:00,2025-12-20T14:04:00+00:00,2025-12-20T14:39:00+00:00,,0,5,35,40
162,DISPATCH_CARGO,completed,auto,3,3,30,37,1,DISPATCH,1,2025-12-20,2025-12-20T09:00:00+00:00,2025-12-20T09:00:00+00:00,2025-12-20T18:00:00+00:00,19,SIM0009,,,2025-12-20T14:04:00+00:00,2025-12-20T14:06:00+00:00,2025-12-20T14:10:00+00:00,2025-12-20T14:47:00+00:00,,2,4,37,43
163,PUTAWAY_TO_RACK,completed,auto,2,3,33,47,1,FORKLIFT,1,2025-12-20,2025-12-20T09:00:00+00:00,2025-12-20T09:00:00+00:00,2025-12-20T18:00:00+00:00,18,SIM0008,,,2025-12-20T14:05:00+00:00,2025-12-20T14:13:00+00:00,2025-12-20T14:17:00+00:00,2025-12-20T15:04:00+00:00,,8,4,47,59
164,GENERAL,completed,auto,0,1,10,10,1,,1,2025-12-20,2025-12-20T09:00:00+00:00,2025-12-20T09:00:00+00:00,2025-12-20T18:00:00+00:00,12,SIM0002,,,2025-12-20T14:13:00+00:00,2025-12-20T14:19:00+00:00,2025-12-20T14:22:00+00:00,2025-12-20T14:32:00+00:00,,6,3,10,19
165,DISPATCH_CARGO,completed,auto,4,4,35,48,1,DISPATCH,1,2025-12-20,2025-12-20T09:00:00+00:00,2025-12-20T09:00:00+00:00,2025-12-20T18:00:00+00:00,11,SIM0001,,,2025-12-20T14:19:00+00:00,2025-12-20T14:21:00+00:00,2025-12-20T14:22:00+00:00,2025-12-20T15:10:00+00:00,,2,1,48,51
166,MOVE_BETWEEN_SLOTS,completed,auto,1,4,26,34,1,FORKLIFT,1,2025-12-20,2025-12-20T09:00:00+00:00,2025-12-20T09:00:00+00:00,2025-12-20T18:00:00+00:00,18,SIM0008,,,2025-12-20T14:21:00+00:00,2025-12-20T14:25:00+00:00,2025-12-20T14:26:00+00:00,2025-12-20T15:00:00+00:00,,4,1,34,39
167,RECEIVE_TO_INBOUND,completed,auto,2,3,27,37,1,FORKLIFT;RECEIVE,1,2025-12-20,2025-12-20T09:00:00+00:00,2025-12-20T09:00:00+00:00,2025-12-20T18:00:00+00:00,18,SIM0008,,,2025-12-20T14:19:00+00:00,2025-12-20T14:27:00+00:00,2025-12-20T14:29:00+00:00,2025-12-20T15:06:00+00:00,,8,2,37,47
168,MOVE_BETWEEN_SLOTS,completed,auto,2,5,30,42,1,FORKLIFT,1,2025-12-20,2025-12-20T09:00:00+00:00,2025-12-20T09:00:00+00:00,2025-12-20T18:00:00+00:00,18,SIM0008,,,2025-12-20T14:24:00+00:00,2025-12-20T14:30:00+00:00,2025-12-20T14:34:00+00:00,2025-12-20T15:16:00+00:00,,6,4,42,52
169,DISPATCH_CARGO,completed,auto,5,5,40,50,1,DISPATCH,1,2025-12-20,2025-12-20T09:00:00+00:00,2025-12-20T09:00:00+00:00,2025-12-20T18:00:00+00:00,11,SIM0001,,,2025-12-20T14:23:00+00:00,2025-12-20T14:32:00+00:00,2025-12-20T14:33:00+00:00,2025-12-20T15:23:00+00:00,,9,1,50,60
170,MOVE_BETWEEN_SLOTS,completed,auto,1,3,22,30,1,FORKLIFT,1,2025-12-20,2025-12-20T09:00:00+00:00,2025-12-20T09:00:00+00:00,2025-12-20T18:00:00+00:00,18,SIM0008,,,2025-12-20T14:28:00+00:00,2025-12-20T14:34:00+00:00,2025-12-20T14:39:00+00:00,2025-12-20T15:09:00+00:00,,6,5,30,41
171,MOVE_BETWEEN_SLOTS,completed,auto,2,3,22,28,1,FORKLIFT,1,2025-12-20,2025-12-20T09:00:00+00:00,2025-12-20T09:00:00+00:00,2025-12-20T18:00:00+00:00,18,SIM0008,,,2025-12-20T14:30:00+00:00,2025-12-20T14:40:00+00:00,2025-12-20T14:41:00+00:00,2025-12-20T15:09:00+00:00,,10,1,28,39
172,PUTAWAY_TO_RACK,completed,auto,1,3,33,53,1,FORKLIFT,1,2025-12-20,2025-12-20T09:00:00+00:00,2025-12-20T09:00:00+00:00,2025-12-20T18:00:00+00:00,22,SIM0012,,,2025-12-20T14:41:00+00:00,2025-12-20T14:43:00+00:00,2025-12-20T14:47:00+00:00,2025-12-20T15:40:00+00:00,,2,4,53,59
173,GENERAL,completed,auto,1,2,12,13,1,,1,2025-12-20,2025-12-20T09:00:00+00:00,2025-12-20T09:00:00+00:00,2025-12-20T18:00:00+00:00,15,SIM0005,,,2025-12-20T14:41:00+00:00,2025-12-20T14:48:00+00:00,2025-12-20T14:54:00+00:00,2025-12-20T15:07:00+00:00,,7,6,13,26
174,PUTAWAY_TO_RACK,completed,auto,3,4,38,56,1,FORKLIFT,1,2025-12-20,2025-12-20T09:00:00+00:00,2025-12-20T09:00:00+00:00,2025-12-20T18:00:00+00:00,16,SIM0006,,,2025-12-20T14:45:00+00:00,2025-12-20T14:53:00+00:00,2025-12-20T14:56:00+00:00,2025-12-20T15:52:00+00:00,,8,3,56,67
175,GENERAL,completed,auto,1,2,12,12,1,,1,2025-12-20,2025-12-20T09:00:00+00:00,2025-12-20T09:00:00+00:00,2025-12-20T18:00:00+00:00,20,SIM0010,,,2025-12-20T14:56:00+00:00,2025-12-20T15:01:00+00:00,2025-12-20T15:06:00+00:00,2025-12-20T15:18:00+00:00,,5,5,12,22
176,GENERAL,completed,auto,0,3,15,15,1,,1,2025-12-20,2025-12-20T09:00:00+00:00,2025-12-20T09:00:00+00:00,2025-12-20T18:00:00+00:00,17,SIM0007,,,2025-12-20T15:07:00+00:00,2025-12-20T15:09:00+00:00,2025-12-20T15:11:00+00:00,2025-12-20T15:26:00+00:00,,2,2,15,19
177,DISPATCH_CARGO,completed,auto,3,4,35,48,1,DISPATCH,1,2025-12-20,2025-12-20T09:00:00+00:00,2025-12-20T09:00:00+00:00,2025-12-20T18:00:00+00:00,16,SIM0006,,,2025-12-20T15:08:00+00:00,2025-12-20T15:12:00+00:00,2025-12-20T15:18:00+00:00,2025-12-20T16:06:00+00:00,,4,6,48,58
178,DISPATCH_CARGO,completed,auto,4,4,35,41,1,DISPATCH,1,2025-12-20,2025-12-20T09:00:00+00:00,2025-12-20T09:00:00+00:00,2025-12-20T18:00:00+00:00,11,SIM0001,,,2025-12-20T15:09:00+00:00,2025-12-20T15:19:00+00:00,2025-12-20T15:25:00+00:00,2025-12-20T16:06:00+00:00,,10,6,41,57
179,RECEIVE_TO_INBOUND,completed,auto,4,5,36,45,1,FORKLIFT;RECEIVE,1,2025-12-20,2025-12-20T09:00:00+00:00,2025-12-20T09:00:00+00:00,2025-12-20T18:00:00+00:00,18,SIM0008,,,2025-12-20T15:21:00+00:00,2025-12-20T15:26:00+00:00,2025-12-20T15:29:00+00:00,2025-12-20T16:14:00+00:00,,5,3,45,53
180,MOVE_BETWEEN_SLOTS,completed,auto,1,5,30,41,1,FORKLIFT,1,2025-12-20,2025-12-20T09:00:00+00:00,2025-12-20T09:00:00+00:00,2025-12-20T18:00:00+00:00,18,SIM0008,,,2025-12-20T15:27:00+00:00,2025-12-20T15:34:00+00:00,2025-12-20T15:40:00+00:00,2025-12-20T16:21:00+00:00,,7,6,41,54
181,DISPATCH_CARGO,completed,auto,3,4,35,52,1,DISPATCH,1,2025-12-20,2025-12-20T09:00:00+00:00,2025-12-20T09:00:00+00:00,2025-12-20T18:00:00+00:00,11,SIM0001,,,2025-12-20T15:34:00+00:00,2025-12-20T15:36:00+00:00,2025-12-20T15:39:00+00:00,2025-12-20T16:31:00+00:00,,2,3,52,57
182,RECEIVE_TO_INBOUND,completed,auto,3,3,27,35,1,FORKLIFT;RECEIVE,1,2025-12-20,2025-12-20T09:00:00+00:00,2025-12-20T09:00:00+00:00,2025-12-20T18:00:00+00:00,18,SIM0008,,,2025-12-20T15:38:00+00:00,2025-12-20T15:44:00+00:00,2025-12-20T15:45:00+00:00,2025-12-20T16:20:00+00:00,,6,1,35,42
183,PUTAWAY_TO_RACK,completed,auto,1,4,38,58,1,FORKLIFT,1,2025-12-20,2025-12-20T09:00:00+00:00,2025-12-20T09:00:00+00:00,2025-12-20T18:00:00+00:00,21,SIM0011,,,2025-12-20T15:44:00+00:00,2025-12-20T15:51:00+00:00,2025-12-20T15:57:00+00:00,2025-12-20T16:55:00+00:00,,7,6,58,71
184,RECEIVE_TO_INBOUND,completed,auto,3,4,31,51,1,FORKLIFT;RECEIVE,1,2025-12-20,2025-12-20T09:00:00+00:00,2025-12-20T09:00:00+00:00,2025-12-20T18:00:00+00:00,22,SIM0012,,,2025-12-20T15:51:00+00:00,2025-12-20T15:53:00+00:00,2025-12-20T15:56:00+00:00,2025-12-20T16:47:00+00:00,,2,3,51,56
185,PUTAWAY_TO_RACK,completed,auto,1,1,22,34,1,FORKLIFT,1,2025-12-20,2025-12-20T09:00:00+00:00,2025-12-20T09:00:00+00:00,2025-12-20T18:00:00+00:00,21,SIM0011,,,2025-12-20T15:49:00+00:00,2025-12-20T15:58:00+00:00,2025-12-20T16:02:00+00:00,2025-12-20T16:36:00+00:00,,9,4,34,47
186,RECEIVE_TO_INBOUND,completed,auto,3,1,18,23,1,FORKLIFT;RECEIVE,1,2025-12-20,2025-12-20T09:00:00+00:00,2025-12-20T09:00:00+00:00,2025-12-20T18:00:00+00:00,22,SIM0012,,,2025-12-20T16:00:00+00:00,2025-12-20T16:05:00+00:00,2025-12-20T16:09:00+00:00,2025-12-20T16:32:00+00:00,,5,4,23,32
187,PUTAWAY_TO_RACK,completed,auto,1,3,33,53,1,FORKLIFT,1,2025-12-20,2025-12-20T09:00:00+00:00,2025-12-20T09:00:00+00:00,2025-12-20T18:00:00+00:00,16,SIM0006,,,2025-12-20T16:03:00+00:00,2025-12-20T16:13:00+00:00,2025-12-20T16:14:00+00:00,2025-12-20T17:07:00+00:00,,10,1,53,64
188,DISPATCH_CARGO,completed,auto,3,3,30,42,1,DISPATCH,1,2025-12-20,2025-12-20T09:00:00+00:00,2025-12-20T09:00:00+00:00,2025-12-20T18:00:00+00:00,16,SIM0006,,,2025-12-20T16:08:00+00:00,2025-12-20T16:17:00+00:00,2025-12-20T16:23:00+00:00,2025-12-20T17:05:00+00:00,,9,6,42,57
189,MOVE_BETWEEN_SLOTS,completed,auto,1,3,22,28,1,FORKLIFT,1,2025-12-20,2025-12-20T09:00:00+00:00,2025-12-20T09:00:00+00:00,2025-12-20T18:00:00+00:00,18,SIM0008,,,2025-12-20T16:18:00+00:00,2025-12-20T16:19:00+00:00,2025-12-20T16:23:00+00:00,2025-12-20T16:51:00+00:00,,1,4,28,33
190,RECEIVE_TO_INBOUND,completed,auto,3,3,27,37,1,FORKLIFT;RECEIVE,1,2025-12-20,2025-12-20T09:00:00+00:00,2025-12-20T09:00:00+00:00,2025-12-20T18:00:00+00:00,18,SIM0008,,,2025-12-20T16:17:00+00:00,2025-12-20T16:21:00+00:00,2025-12-20T16:26:00+00:00,2025-12-20T17:03:00+00:00,,4,5,37,46
191,DISPATCH_CARGO,completed,auto,3,4,35,45,1,DISPATCH,1,2025-12-20,2025-12-20T09:00:00+00:00,2025-12-20T09:00:00+00:00,2025-12-20T18:00:00+00:00,11,SIM0001,,,2025-12-20T16:26:00+00:00,2025-12-20T16:28:00+00:00,2025-12-20T16:35:00+00:00,2025-12-20T17:20:00+00:00,,2,7,45,54
192,DISPATCH_CARGO,completed,auto,3,5,40,56,1,DISPATCH,1,2025-12-20,2025-12-20T09:00:00+00:00,2025-12-20T09:00:00+00:00,2025-12-20T18:00:00+00:00,11,SIM0001,,,2025-12-20T16:34:00+00:00,2025-12-20T16:34:00+00:00,2025-12-20T16:36:00+00:00,2025-12-20T17:32:00+00:00,,0,2,56,58
193,DISPATCH_CARGO,completed,auto,5,1,20,27,1,DISPATCH,1,2025-12-20,2025-12-20T09:00:00+00:00,2025-12-20T09:00:00+00:00,2025-12-20T18:00:00+00:00,11,SIM0001,,,2025-12-20T16:35:00+00:00,2025-12-20T16:37:00+00:00,2025-12-20T16:38:00+00:00,2025-12-20T17:05:00+00:00,,2,1,27,30
194,PUTAWAY_TO_RACK,completed,auto,2,4,38,58,1,FORKLIFT,1,2025-12-20,2025-12-20T09:00:00+00:00,2025-12-20T09:00:00+00:00,2025-12-20T18:00:00+00:00,16,SIM0006,,,2025-12-20T16:43:00+00:00,2025-12-20T16:44:00+00:00,2025-12-20T16:50:00+00:00,2025-12-20T17:48:00+00:00,,1,6,58,65
195,DISPATCH_CARGO,completed,auto,3,3,30,39,1,DISPATCH,1,2025-12-20,2025-12-20T09:00:00+00:00,2025-12-20T09:00:00+00:00,2025-12-20T18:00:00+00:00,11,SIM0001,,,2025-12-20T16:45:00+00:00,2025-12-20T16:52:00+00:00,2025-12-20T16:56:00+00:00,2025-12-20T17:35:00+00:00,,7,4,39,50
196,RECEIVE_TO_INBOUND,completed,auto,3,4,31,39,1,FORKLIFT;RECEIVE,1,2025-12-20,2025-12-20T09:00:00+00:00,2025-12-20T09:00:00+00:00,2025-12-20T18:00:00+00:00,18,SIM0008,,,2025-12-20T16:50:00+00:00,2025-12-20T16:58:00+00:00,2025-12-20T17:00:00+00:00,2025-12-20T17:39:00+00:00,,8,2,39,49
197,RECEIVE_TO_INBOUND,completed,auto,2,2,22,31,1,FORKLIFT;RECEIVE,1,2025-12-20,2025-12-20T09:00:00+00:00,2025-12-20T09:00:00+00:00,2025-12-20T18:00:00+00:00,18,SIM0008,,,2025-12-20T17:00:00+00:00,2025-12-20T17:00:00+00:00,2025-12-20T17:07:00+00:00,2025-12-20T17:38:00+00:00,,0,7,31,38
198,PUTAWAY_TO_RACK,completed,auto,2,3,33,49,1,FORKLIFT,1,2025-12-20,2025-12-20T09:00:00+00:00,2025-12-20T09:00:00+00:00,2025-12-20T18:00:00+00:00,16,SIM0006,,,2025-12-20T16:56:00+00:00,2025-12-20T17:06:00+00:00,2025-12-20T17:11:00+00:00,2025-12-20T18:00:00+00:00,,10,5,49,64
199,GENERAL,completed,auto,1,1,10,11,1,,1,2025-12-20,2025-12-20T09:00:00+00:00,2025-12-20T09:00:00+00:00,2025-12-20T18:00:00+00:00,15,SIM0005,,,2025-12-20T17:05:00+00:00,2025-12-20T17:08:00+00:00,2025-12-20T17:12:00+00:00,2025-12-20T17:23:00+00:00,,3,4,11,18
200,MOVE_BETWEEN_SLOTS,completed,auto,2,1,15,19,1,FORKLIFT,1,2025-12-20,2025-12-20T09:00:00+00:00,2025-12-20T09:00:00+00:00,2025-12-20T18:00:00+00:00,18,SIM0008,,,2025-12-20T17:15:00+00:00,2025-12-20T17:15:00+00:00,2025-12-20T17:19:00+00:00,2025-12-20T17:38:00+00:00,,0,4,19,23
201,RECEIVE_TO_INBOUND,completed,auto,3,1,18,25,1,FORKLIFT;RECEIVE,1,2025-12-20,2025-12-20T09:00:00+00:00,2025-12-20T09:00:00+00:00,2025-12-20T18:00:00+00:00,18,SIM0008,,,2025-12-20T17:09:00+00:00,2025-12-20T17:18:00+00:00,2025-12-20T17:19:00+00:00,2025-12-20T17:44:00+00:00,,9,1,25,35
202,DISPATCH_CARGO,completed,auto,3,1,20,25,1,DISPATCH,1,2025-12-20,2025-12-20T09:00:00+00:00,2025-12-20T09:00:00+00:00,2025-12-20T18:00:00+00:00,11,SIM0001,,,2025-12-20T17:15:00+00:00,2025-12-20T17:20:00+00:00,2025-12-20T17:23:00+00:00,2025-12-20T17:48:00+00:00,,5,3,25,33
203,MOVE_BETWEEN_SLOTS,completed,auto,2,3,22,33,1,FORKLIFT,1,2025-12-20,2025-12-20T09:00:00+00:00,2025-12-20T09:00:00+00:00,2025-12-20T18:00:00+00:00,18,SIM0008,,,2025-12-20T17:27:00+00:00,2025-12-20T17:28:00+00:00,2025-12-20T17:30:00+00:00,2025-12-20T18:03:00+00:00,,1,2,33,36
204,DISPATCH_CARGO,completed,auto,4,1,20,28,1,DISPATCH,1,2025-12-20,2025-12-20T09:00:00+00:00,2025-12-20T09:00:00+00:00,2025-12-20T18:00:00+00:00,19,SIM0009,,,2025-12-20T10:10:00+00:00,2025-12-20T10:20:00+00:00,2025-12-20T10:27:00+00:00,2025-12-20T10:55:00+00:00,,10,7,28,45
205,PUTAWAY_TO_RACK,completed,auto,2,3,33,54,1,FORKLIFT,1,2025-12-20,2025-12-20T09:00:00+00:00,2025-12-20T09:00:00+00:00,2025-12-20T18:00:00+00:00,22,SIM0012,,,2025-12-20T10:22:00+00:00,2025-12-20T10:24:00+00:00,2025-12-20T10:27:00+00:00,2025-12-20T11:21:00+00:00,,2,3,54,59
206,GENERAL,completed,auto,0,5,20,22,1,,1,2025-12-20,2025-12-20T09:00:00+00:00,2025-12-20T09:00:00+00:00,2025-12-20T18:00:00+00:00,15,SIM0005,,,2025-12-20T10:25:00+00:00,2025-12-20T10:26:00+00:00,2025-12-20T10:33:00+00:00,2025-12-20T10:55:00+00:00,,1,7,22,30
207,PUTAWAY_TO_RACK,completed,auto,3,5,44,67,1,FORKLIFT,1,2025-12-20,2025-12-20T09:00:00+00:00,2025-12-20T09:00:00+00:00,2025-12-20T18:00:00+00:00,21,SIM0011,,,2025-12-20T10:26:00+00:00,2025-12-20T10:28:00+00:00,2025-12-20T10:30:00+00:00,2025-12-20T11:37:00+00:00,,2,2,67,71
208,PUTAWAY_TO_RACK,completed,auto,2,1,22,34,1,FORKLIFT,1,2025-12-20,2025-12-20T09:00:00+00:00,2025-12-20T09:00:00+00:00,2025-12-20T18:00:00+00:00,21,SIM0011,,,2025-12-20T10:26:00+00:00,2025-12-20T10:32:00+00:00,2025-12-20T10:34:00+00:00,2025-12-20T11:08:00+00:00,,6,2,34,42
209,GENERAL,completed,auto,1,1,10,12,1,,1,2025-12-20,2025-12-20T09:00:00+00:00,2025-12-20T09:00:00+00:00,2025-12-20T18:00:00+00:00,12,SIM0002,,,2025-12-20T10:30:00+00:00,2025-12-20T10:35:00+00:00,2025-12-20T10:40:00+00:00,2025-12-20T10:52:00+00:00,,5,5,12,22
210,PUTAWAY_TO_RACK,completed,auto,3,5,44,65,1,FORKLIFT,1,2025-12-20,2025-12-20T09:00:00+00:00,2025-12-20T09:00:00+00:00,2025-12-20T18:00:00+00:00,18,SIM0008,,,2025-12-20T10:38:00+00:00,2025-12-20T10:43:00+00:00,2025-12-20T10:50:00+00:00,2025-12-20T11:55:00+00:00,,5,7,65,77
211,GENERAL,completed,auto,0,5,20,22,1,,1,2025-12-20,2025-12-20T09:00:00+00:00,2025-12-20T09:00:00+00:00,2025-12-20T18:00:00+00:00,12,SIM0002,,,2025-12-20T10:47:00+00:00,2025-12-20T10:49:00+00:00,2025-12-20T10:51:00+00:00,2025-12-20T11:13:00+00:00,,2,2,22,26
212,RECEIVE_TO_INBOUND,completed,auto,4,3,27,35,1,FORKLIFT;RECEIVE,1,2025-12-20,2025-12-20T09:00:00+00:00,2025-12-20T09:00:00+00:00,2025-12-20T18:00:00+00:00,18,SIM0008,,,2025-12-20T10:47:00+00:00,2025-12-20T10:53:00+00:00,2025-12-20T10:55:00+00:00,2025-12-20T11:30:00+00:00,,6,2,35,43
213,MOVE_BETWEEN_SLOTS,completed,auto,1,2,18,29,1,FORKLIFT,1,2025-12-20,2025-12-20T09:00:00+00:00,2025-12-20T09:00:00+00:00,2025-12-20T18:00:00+00:00,22,SIM0012,,,2025-12-20T10:59:00+00:00,2025-12-20T11:01:00+00:00,2025-12-20T11:03:00+00:00,2025-12-20T11:32:00+00:00,,2,2,29,33
214,GENERAL,completed,auto,0,1,10,12,1,,1,2025-12-20,2025-12-20T09:00:00+00:00,2025-12-20T09:00:00+00:00,2025-12-20T18:00:00+00:00,14,SIM0004,,,2025-12-20T10:58:00+00:00,2025-12-20T11:08:00+00:00,2025-12-20T11:14:00+00:00,2025-12-20T11:26:00+00:00,,10,6,12,28
215,RECEIVE_TO_INBOUND,completed,auto,4,1,18,21,1,FORKLIFT;RECEIVE,1,2025-12-20,2025-12-20T09:00:00+00:00,2025-12-20T09:00:00+00:00,2025-12-20T18:00:00+00:00,18,SIM0008,,,2025-12-20T11:07:00+00:00,2025-12-20T11:15:00+00:00,2025-12-20T11:18:00+00:00,2025-12-20T11:39:00+00:00,,8,3,21,32
216,DISPATCH_CARGO,completed,auto,4,5,40,59,1,DISPATCH,1,2025-12-20,2025-12-20T09:00:00+00:00,2025-12-20T09:00:00+00:00,2025-12-20T18:00:00+00:00,11,SIM0001,,,2025-12-20T11:20:00+00:00,2025-12-20T11:20:00+00:00,2025-12-20T11:23:00+00:00,2025-12-20T12:22:00+00:00,,0,3,59,62
217,RECEIVE_TO_INBOUND,completed,auto,3,1,18,24,1,FORKLIFT;RECEIVE,1,2025-12-20,2025-12-20T09:00:00+00:00,2025-12-20T09:00:00+00:00,2025-12-20T18:00:00+00:00,18,SIM0008,,,2025-12-20T11:19:00+00:00,2025-12-20T11:24:00+00:00,2025-12-20T11:25:00+00:00,2025-12-20T11:49:00+00:00,,5,1,24,30
218,RECEIVE_TO_INBOUND,completed,auto,3,4,31,43,1,FORKLIFT;RECEIVE,1,2025-12-20,2025-12-20T09:00:00+00:00,2025-12-20T09:00:00+00:00,2025-12-20T18:00:00+00:00,22,SIM0012,,,2025-12-20T11:27:00+00:00,2025-12-20T11:30:00+00:00,2025-12-20T11:32:00+00:00,2025-12-20T12:15:00+00:00,,3,2,43,48
219,MOVE_BETWEEN_SLOTS,completed,auto,1,3,22,32,1,FORKLIFT,1,2025-12-20,2025-12-20T09:00:00+00:00,2025-12-20T09:00:00+00:00,2025-12-20T18:00:00+00:00,22,SIM0012,,,2025-12-20T11:34:00+00:00,2025-12-20T11:35:00+00:00,2025-12-20T11:39:00+00:00,2025-12-20T12:11:00+00:00,,1,4,32,37
220,PUTAWAY_TO_RACK,completed,auto,1,1,22,38,1,FORKLIFT,1,2025-12-20,2025-12-20T09:00:00+00:00,2025-12-20T09:00:00+00:00,2025-12-20T18:00:00+00:00,22,SIM0012,,,2025-12-20T11:32:00+00:00,2025-12-20T11:39:00+00:00,2025-12-20T11:43:00+00:00,2025-12-20T12:21:00+00:00,,7,4,38,49
221,GENERAL,completed,auto,0,4,17,20,1,,1,2025-12-20,2025-12-20T09:00:00+00:00,2025-12-20T09:00:00+00:00,2025-12-20T18:00:00+00:00,15,SIM0005,,,2025-12-20T11:37:00+00:00,2025-12-20T11:46:00+00:00,2025-12-20T11:50:00+00:00,2025-12-20T12:10:00+00:00,,9,4,20,33
222,RECEIVE_TO_INBOUND,completed,auto,2,4,31,34,1,FORKLIFT;RECEIVE,1,2025-12-20,2025-12-20T09:00:00+00:00,2025-12-20T09:00:00+00:00,2025-12-20T18:00:00+00:00,18,SIM0008,,,2025-12-20T11:42:00+00:00,2025-12-20T11:49:00+00:00,2025-12-20T11:50:00+00:00,2025-12-20T12:24:00+00:00,,7,1,34,42
223,PUTAWAY_TO_RACK,completed,auto,2,2,27,41,1,FORKLIFT,1,2025-12-20,2025-12-20T09:00:00+00:00,2025-12-20T09:00:00+00:00,2025-12-20T18:00:00+00:00,16,SIM0006,,,2025-12-20T11:43:00+00:00,2025-12-20T11:52:00+00:00,2025-12-20T11:54:00+00:00,2025-12-20T12:35:00+00:00,,9,2,41,52
224,RECEIVE_TO_INBOUND,completed,auto,4,4,31,39,1,FORKLIFT;RECEIVE,1,2025-12-20,2025-12-20T09:00:00+00:00,2025-12-20T09:00:00+00:00,2025-12-20T18:00:00+00:00,18,SIM0008,,,2025-12-20T11:56:00+00:00,2025-12-20T11:56:00+00:00,2025-12-20T12:03:00+00:00,2025-12-20T12:42:00+00:00,,0,7,39,46
225,RECEIVE_TO_INBOUND,completed,auto,3,4,31,43,1,FORKLIFT;RECEIVE,1,2025-12-20,2025-12-20T09:00:00+00:00,2025-12-20T09:00:00+00:00,2025-12-20T18:00:00+00:00,18,SIM0008,,,2025-12-20T12:03:00+00:00,2025-12-20T12:04:00+00:00,2025-12-20T12:09:00+00:00,2025-12-20T12:52:00+00:00,,1,5,43,49
226,GENERAL,completed,auto,1,3,15,17,1,,1,2025-12-20,2025-12-20T09:00:00+00:00,2025-12-20T09:00:00+00:00,2025-12-20T18:00:00+00:00,18,SIM0008,,,2025-12-20T12:07:00+00:00,2025-12-20T12:12:00+00:00,2025-12-20T12:15:00+00:00,2025-12-20T12:32:00+00:00,,5,3,17,25
227,DISPATCH_CARGO,completed,auto,4,3,30,39,1,DISPATCH,1,2025-12-20,2025-12-20T09:00:00+00:00,2025-12-20T09:00:00+00:00,2025-12-20T18:00:00+00:00,19,SIM0009,,,2025-12-20T12:08:00+00:00,2025-12-20T12:14:00+00:00,2025-12-20T12:16:00+00:00,2025-12-20T12:55:00+00:00,,6,2,39,47
228,GENERAL,completed,auto,0,3,15,18,1,,1,2025-12-20,2025-12-20T09:00:00+00:00,2025-12-20T09:00:00+00:00,2025-12-20T18:00:00+00:00,12,SIM0002,,,2025-12-20T12:18:00+00:00,2025-12-20T12:21:00+00:00,2025-12-20T12:24:00+00:00,2025-12-20T12:42:00+00:00,,3,3,18,24
229,GENERAL,completed,auto,0,4,17,21,1,,1,2025-12-20,2025-12-20T09:00:00+00:00,2025-12-20T09:00:00+00:00,2025-12-20T18:00:00+00:00,12,SIM0002,,,2025-12-20T12:15:00+00:00,2025-12-20T12:25:00+00:00,2025-12-20T12:27:00+00:00,2025-12-20T12:48:00+00:00,,10,2,21,33
230,GENERAL,completed,auto,0,1,10,12,1,,1,2025-12-20,2025-12-20T09:00:00+00:00,2025-12-20T09:00:00+00:00,2025-12-20T18:00:00+00:00,15,SIM0005,,,2025-12-20T12:28:00+00:00,2025-12-20T12:28:00+00:00,2025-12-20T12:29:00+00:00,2025-12-20T12:41:00+00:00,,0,1,12,13
231,MOVE_BETWEEN_SLOTS,completed,auto,1,3,22,32,1,FORKLIFT,1,2025-12-20,2025-12-20T09:00:00+00:00,2025-12-20T09:00:00+00:00,2025-12-20T18:00:00+00:00,22,SIM0012,,,2025-12-20T12:25:00+00:00,2025-12-20T12:34:00+00:00,2025-12-20T12:35:00+00:00,2025-12-20T13:07:00+00:00,,9,1,32,42
232,PUTAWAY_TO_RACK,completed,auto,3,1,22,39,1,FORKLIFT,1,2025-12-20,2025-12-20T09:00:00+00:00,2025-12-20T09:00:00+00:00,2025-12-20T18:00:00+00:00,16,SIM0006,,,2025-12-20T12:36:00+00:00,2025-12-20T12:39:00+00:00,2025-12-20T12:44:00+00:00,2025-12-20T13:23:00+00:00,,3,5,39,47
233,GENERAL,completed,auto,0,4,17,19,1,,1,2025-12-20,2025-12-20T09:00:00+00:00,2025-12-20T09:00:00+00:00,2025-12-20T18:00:00+00:00,14,SIM0004,,,2025-12-20T12:40:00+00:00,2025-12-20T12:43:00+00:00,2025-12-20T12:44:00+00:00,2025-12-20T13:03:00+00:00,,3,1,19,23
234,DISPATCH_CARGO,completed,auto,3,1,20,26,1,DISPATCH,1,2025-12-20,2025-12-20T09:00:00+00:00,2025-12-20T09:00:00+00:00,2025-12-20T18:00:00+00:00,11,SIM0001,,,2025-12-20T12:47:00+00:00,2025-12-20T12:47:00+00:00,2025-12-20T12:51:00+00:00,2025-12-20T13:17:00+00:00,,0,4,26,30
235,PUTAWAY_TO_RACK,completed,auto,2,2,27,41,1,FORKLIFT,1,2025-12-20,2025-12-20T09:00:00+00:00,2025-12-20T09:00:00+00:00,2025-12-20T18:00:00+00:00,18,SIM0008,,,2025-12-20T12:53:00+00:00,2025-12-20T12:55:00+00:00,2025-12-20T13:01:00+00:00,2025-12-20T13:42:00+00:00,,2,6,41,49
236,MOVE_BETWEEN_SLOTS,completed,auto,1,2,18,26,1,FORKLIFT,1,2025-12-20,2025-12-20T09:00:00+00:00,2025-12-20T09:00:00+00:00,2025-12-20T18:00:00+00:00,18,SIM0008,,,2025-12-20T13:01:00+00:00,2025-12-20T13:03:00+00:00,2025-12-20T13:10:00+00:00,2025-12-20T13:36:00+00:00,,2,7,26,35
237,GENERAL,completed,auto,1,4,17,18,1,,1,2025-12-20,2025-12-20T09:00:00+00:00,2025-12-20T09:00:00+00:00,2025-12-20T18:00:00+00:00,12,SIM0002,,,2025-12-20T13:03:00+00:00,2025-12-20T13:08:00+00:00,2025-12-20T13:14:00+00:00,2025-12-20T13:32:00+00:00,,5,6,18,29
238,GENERAL,completed,auto,0,5,20,23,1,,1,2025-12-20,2025-12-20T09:00:00+00:00,2025-12-20T09:00:00+00:00,2025-12-20T18:00:00+00:00,12,SIM0002,,,2025-12-20T13:03:00+00:00,2025-12-20T13:12:00+00:00,2025-12-20T13:13:00+00:00,2025-12-20T13:36:00+00:00,,9,1,23,33
239,RECEIVE_TO_INBOUND,completed,auto,2,1,18,24,1,FORKLIFT;RECEIVE,1,2025-12-20,2025-12-20T09:00:00+00:00,2025-12-20T09:00:00+00:00,2025-12-20T18:00:00+00:00,22,SIM0012,,,2025-12-20T13:14:00+00:00,2025-12-20T13:18:00+00:00,2025-12-20T13:23:00+00:00,2025-12-20T13:47:00+00:00,,4,5,24,33
240,PUTAWAY_TO_RACK,completed,auto,2,1,22,33,1,FORKLIFT,1,2025-12-20,2025-12-20T09:00:00+00:00,2025-12-20T09:00:00+00:00,2025-12-20T18:00:00+00:00,21,SIM0011,,,2025-12-20T13:22:00+00:00,2025-12-20T13:23:00+00:00,2025-12-20T13:27:00+00:00,2025-12-20T14:00:00+00:00,,1,4,33,38
241,MOVE_BETWEEN_SLOTS,completed,auto,0,1,15,19,1,FORKLIFT,1,2025-12-20,2025-12-20T09:00:00+00:00,2025-12-20T09:00:00+00:00,2025-12-20T18:00:00+00:00,22,SIM0012,,,2025-12-20T13:23:00+00:00,2025-12-20T13:29:00+00:00,2025-12-20T13:32:00+00:00,2025-12-20T13:51:00+00:00,,6,3,19,28
242,GENERAL,completed,auto,0,4,17,20,1,,1,2025-12-20,2025-12-20T09:00:00+00:00,2025-12-20T09:00:00+00:00,2025-12-20T18:00:00+00:00,17,SIM0007,,,2025-12-20T13:30:00+00:00,2025-12-20T13:33:00+00:00,2025-12-20T13:39:00+00:00,2025-12-20T13:59:00+00:00,,3,6,20,29
243,DISPATCH_CARGO,completed,auto,3,1,20,28,1,DISPATCH,1,2025-12-20,2025-12-20T09:00:00+00:00,2025-12-20T09:00:00+00:00,2025-12-20T18:00:00+00:00,16,SIM0006,,,2025-12-20T13:33:00+00:00,2025-12-20T13:38:00+00:00,2025-12-20T13:41:00+00:00,2025-12-20T14:09:00+00:00,,5,3,28,36
244,RECEIVE_TO_INBOUND,completed,auto,3,3,27,35,1,FORKLIFT;RECEIVE,1,2025-12-20,2025-12-20T09:00:00+00:00,2025-12-20T09:00:00+00:00,2025-12-20T18:00:00+00:00,18,SIM0008,,,2025-12-20T13:37:00+00:00,2025-12-20T13:43:00+00:00,2025-12-20T13:46:00+00:00,2025-12-20T14:21:00+00:00,,6,3,35,44
245,DISPATCH_CARGO,completed,auto,3,2,25,45,1,DISPATCH,1,2025-12-20,2025-12-20T09:00:00+00:00,2025-12-20T09:00:00+00:00,2025-12-20T18:00:00+00:00,16,SIM0006,,,2025-12-20T13:41:00+00:00,2025-12-20T13:50:00+00:00,2025-12-20T13:54:00+00:00,2025-12-20T14:39:00+00:00,,9,4,45,58
246,PUTAWAY_TO_RACK,completed,auto,3,5,44,68,1,FORKLIFT,1,2025-12-20,2025-12-20T09:00:00+00:00,2025-12-20T09:00:00+00:00,2025-12-20T18:00:00+00:00,21,SIM0011,,,2025-12-20T13:50:00+00:00,2025-12-20T13:57:00+00:00,2025-12-20T13:59:00+00:00,2025-12-20T15:07:00+00:00,,7,2,68,77
247,DISPATCH_CARGO,completed,auto,3,1,20,24,1,DISPATCH,1,2025-12-20,2025-12-20T09:00:00+00:00,2025-12-20T09:00:00+00:00,2025-12-20T18:00:00+00:00,11,SIM0001,,,2025-12-20T13:54:00+00:00,2025-12-20T14:02:00+00:00,2025-12-20T14:08:00+00:00,2025-12-20T14:32:00+00:00,,8,6,24,38
248,MOVE_BETWEEN_SLOTS,completed,auto,0,5,30,44,1,FORKLIFT,1,2025-12-20,2025-12-20T09:00:00+00:00,2025-12-20T09:00:00+00:00,2025-12-20T18:00:00+00:00,21,SIM0011,,,2025-12-20T14:02:00+00:00,2025-12-20T14:10:00+00:00,2025-12-20T14:12:00+00:00,2025-12-20T14:56:00+00:00,,8,2,44,54
249,PUTAWAY_TO_RACK,completed,auto,3,5,44,63,1,FORKLIFT,1,2025-12-20,2025-12-20T09:00:00+00:00,2025-12-20T09:00:00+00:00,2025-12-20T18:00:00+00:00,18,SIM0008,,,2025-12-20T14:16:00+00:00,2025-12-20T14:16:00+00:00,2025-12-20T14:19:00+00:00,2025-12-20T15:22:00+00:00,,0,3,63,66
250,DISPATCH_CARGO,completed,auto,3,2,25,30,1,DISPATCH,1,2025-12-20,2025-12-20T09:00:00+00:00,2025-12-20T09:00:00+00:00,2025-12-20T18:00:00+00:00,11,SIM0001,,,2025-12-20T14:15:00+00:00,2025-12-20T14:22:00+00:00,2025-12-20T14:23:00+00:00,2025-12-20T14:53:00+00:00,,7,1,30,38
251,RECEIVE_TO_INBOUND,completed,auto,4,4,31,43,1,FORKLIFT;RECEIVE,1,2025-12-20,2025-12-20T09:00:00+00:00,2025-12-20T09:00:00+00:00,2025-12-20T18:00:00+00:00,18,SIM0008,,,2025-12-20T14:20:00+00:00,2025-12-20T14:29:00+00:00,2025-12-20T14:36:00+00:00,2025-12-20T15:19:00+00:00,,9,7,43,59
252,GENERAL,completed,auto,0,5,20,24,1,,1,2025-12-20,2025-12-20T09:00:00+00:00,2025-12-20T09:00:00+00:00,2025-12-20T18:00:00+00:00,17,SIM0007,,,2025-12-20T14:35:00+00:00,2025-12-20T14:35:00+00:00,2025-12-20T14:37:00+00:00,2025-12-20T15:01:00+00:00,,0,2,24,26
253,DISPATCH_CARGO,completed,auto,4,1,20,26,1,DISPATCH,1,2025-12-20,2025-12-20T09:00:00+00:00,2025-12-20T09:00:00+00:00,2025-12-20T18:00:00+00:00,11,SIM0001,,,2025-12-20T14:36:00+00:00,2025-12-20T14:39:00+00:00,2025-12-20T14:46:00+00:00,2025-12-20T15:12:00+00:00,,3,7,26,36
254,RECEIVE_TO_INBOUND,completed,auto,2,4,31,39,1,FORKLIFT;RECEIVE,1,2025-12-20,2025-12-20T09:00:00+00:00,2025-12-20T09:00:00+00:00,2025-12-20T18:00:00+00:00,18,SIM0008,,,2025-12-20T14:39:00+00:00,2025-12-20T14:46:00+00:00,2025-12-20T14:53:00+00:00,2025-12-20T15:32:00+00:00,,7,7,39,53
255,DISPATCH_CARGO,completed,auto,3,1,20,25,1,DISPATCH,1,2025-12-20,2025-12-20T09:00:00+00:00,2025-12-20T09:00:00+00:00,2025-12-20T18:00:00+00:00,11,SIM0001,,,2025-12-20T14:42:00+00:00,2025-12-20T14:51:00+00:00,2025-12-20T14:53:00+00:00,2025-12-20T15:18:00+00:00,,9,2,25,36
256,RECEIVE_TO_INBOUND,completed,auto,3,4,31,37,1,FORKLIFT;RECEIVE,1,2025-12-20,2025-12-20T09:00:00+00:00,2025-12-20T09:00:00+00:00,2025-12-20T18:00:00+00:00,18,SIM0008,,,2025-12-20T14:51:00+00:00,2025-12-20T14:54:00+00:00,2025-12-20T15:00:00+00:00,2025-12-20T15:37:00+00:00,,3,6,37,46
257,MOVE_BETWEEN_SLOTS,completed,auto,2,3,22,30,1,FORKLIFT,1,2025-12-20,2025-12-20T09:00:00+00:00,2025-12-20T09:00:00+00:00,2025-12-20T18:00:00+00:00,22,SIM0012,,,2025-12-20T14:50:00+00:00,2025-12-20T14:58:00+00:00,2025-12-20T15:05:00+00:00,2025-12-20T15:35:00+00:00,,8,7,30,45
258,PUTAWAY_TO_RACK,completed,auto,2,2,27,38,1,FORKLIFT,1,2025-12-20,2025-12-20T09:00:00+00:00,2025-12-20T09:00:00+00:00,2025-12-20T18:00:00+00:00,18,SIM0008,,,2025-12-20T14:58:00+00:00,2025-12-20T15:06:00+00:00,2025-12-20T15:08:00+00:00,2025-12-20T15:46:00+00:00,,8,2,38,48
259,RECEIVE_TO_INBOUND,completed,auto,4,3,27,29,1,FORKLIFT;RECEIVE,1,2025-12-20,2025-12-20T09:00:00+00:00,2025-12-20T09:00:00+00:00,2025-12-20T18:00:00+00:00,18,SIM0008,,,2025-12-20T15:08:00+00:00,2025-12-20T15:12:00+00:00,2025-12-20T15:17:00+00:00,2025-12-20T15:46:00+00:00,,4,5,29,38
260,RECEIVE_TO_INBOUND,completed,auto,2,5,36,41,1,FORKLIFT;RECEIVE,1,2025-12-20,2025-12-20T09:00:00+00:00,2025-12-20T09:00:00+00:00,2025-12-20T18:00:00+00:00,18,SIM0008,,,2025-12-20T15:16:00+00:00,2025-12-20T15:20:00+00:00,2025-12-20T15:22:00+00:00,2025-12-20T16:03:00+00:00,,4,2,41,47
261,MOVE_BETWEEN_SLOTS,completed,auto,1,3,22,37,1,FORKLIFT,1,2025-12-20,2025-12-20T09:00:00+00:00,2025-12-20T09:00:00+00:00,2025-12-20T18:00:00+00:00,21,SIM0011,,,2025-12-20T15:19:00+00:00,2025-12-20T15:28:00+00:00,2025-12-20T15:29:00+00:00,2025-12-20T16:06:00+00:00,,9,1,37,47
262,GENERAL,completed,auto,0,4,17,18,1,,1,2025-12-20,2025-12-20T09:00:00+00:00,2025-12-20T09:00:00+00:00,2025-12-20T18:00:00+00:00,20,SIM0010,,,2025-12-20T15:29:00+00:00,2025-12-20T15:36:00+00:00,2025-12-20T15:43:00+00:00,2025-12-20T16:01:00+00:00,,7,7,18,32
263,RECEIVE_TO_INBOUND,completed,auto,3,2,22,29,1,FORKLIFT;RECEIVE,1,2025-12-20,2025-12-20T09:00:00+00:00,2025-12-20T09:00:00+00:00,2025-12-20T18:00:00+00:00,18,SIM0008,,,2025-12-20T15:35:00+00:00,2025-12-20T15:44:00+00:00,2025-12-20T15:46:00+00:00,2025-12-20T16:15:00+00:00,,9,2,29,40
264,RECEIVE_TO_INBOUND,completed,auto,4,3,27,35,1,FORKLIFT;RECEIVE,1,2025-12-20,2025-12-20T09:00:00+00:00,2025-12-20T09:00:00+00:00,2025-12-20T18:00:00+00:00,18,SIM0008,,,2025-12-20T15:43:00+00:00,2025-12-20T15:52:00+00:00,2025-12-20T15:55:00+00:00,2025-12-20T16:30:00+00:00,,9,3,35,47
265,DISPATCH_CARGO,completed,auto,4,5,40,48,1,DISPATCH,1,2025-12-20,2025-12-20T09:00:00+00:00,2025-12-20T09:00:00+00:00,2025-12-20T18:00:00+00:00,19,SIM0009,,,2025-12-20T15:46:00+00:00,2025-12-20T15:54:00+00:00,2025-12-20T16:01:00+00:00,2025-12-20T16:49:00+00:00,,8,7,48,63
266,GENERAL,completed,auto,1,5,20,24,1,,1,2025-12-20,2025-12-20T09:00:00+00:00,2025-12-20T09:00:00+00:00,2025-12-20T18:00:00+00:00,19,SIM0009,,,2025-12-20T15:54:00+00:00,2025-12-20T15:57:00+00:00,2025-12-20T16:01:00+00:00,2025-12-20T16:25:00+00:00,,3,4,24,31
267,GENERAL,completed,auto,0,3,15,16,1,,1,2025-12-20,2025-12-20T09:00:00+00:00,2025-12-20T09:00:00+00:00,2025-12-20T18:00:00+00:00,20,SIM0010,,,2025-12-20T15:54:00+00:00,2025-12-20T16:04:00+00:00,2025-12-20T16:05:00+00:00,2025-12-20T16:21:00+00:00,,10,1,16,27
268,RECEIVE_TO_INBOUND,completed,auto,3,4,31,46,1,FORKLIFT;RECEIVE,1,2025-12-20,2025-12-20T09:00:00+00:00,2025-12-20T09:00:00+00:00,2025-12-20T18:00:00+00:00,22,SIM0012,,,2025-12-20T15:58:00+00:00,2025-12-20T16:06:00+00:00,2025-12-20T16:09:00+00:00,2025-12-20T16:55:00+00:00,,8,3,46,57
269,MOVE_BETWEEN_SLOTS,completed,auto,2,4,26,38,1,FORKLIFT,1,2025-12-20,2025-12-20T09:00:00+00:00,2025-12-20T09:00:00+00:00,2025-12-20T18:00:00+00:00,18,SIM0008,,,2025-12-20T15:59:00+00:00,2025-12-20T16:08:00+00:00,2025-12-20T16:14:00+00:00,2025-12-20T16:52:00+00:00,,9,6,38,53
270,RECEIVE_TO_INBOUND,completed,auto,2,3,27,34,1,FORKLIFT;RECEIVE,1,2025-12-20,2025-12-20T09:00:00+00:00,2025-12-20T09:00:00+00:00,2025-12-20T18:00:00+00:00,18,SIM0008,,,2025-12-20T16:04:00+00:00,2025-12-20T16:10:00+00:00,2025-12-20T16:14:00+00:00,2025-12-20T16:48:00+00:00,,6,4,34,44
271,DISPATCH_CARGO,completed,auto,4,2,25,33,1,DISPATCH,1,2025-12-20,2025-12-20T09:00:00+00:00,2025-12-20T09:00:00+00:00,2025-12-20T18:00:00+00:00,11,SIM0001,,,2025-12-20T16:14:00+00:00,2025-12-20T16:18:00+00:00,2025-12-20T16:23:00+00:00,2025-12-20T16:56:00+00:00,,4,5,33,42
272,MOVE_BETWEEN_SLOTS,completed,auto,0,3,22,31,1,FORKLIFT,1,2025-12-20,2025-12-20T09:00:00+00:00,2025-12-20T09:00:00+00:00,2025-12-20T18:00:00+00:00,18,SIM0008,,,2025-12-20T16:17:00+00:00,2025-12-20T16:25:00+00:00,2025-12-20T16:30:00+00:00,2025-12-20T17:01:00+00:00,,8,5,31,44
273,MOVE_BETWEEN_SLOTS,completed,auto,2,2,18,24,1,FORKLIFT,1,2025-12-20,2025-12-20T09:00:00+00:00,2025-12-20T09:00:00+00:00,2025-12-20T18:00:00+00:00,18,SIM0008,,,2025-12-20T16:24:00+00:00,2025-12-20T16:27:00+00:00,2025-12-20T16:30:00+00:00,2025-12-20T16:54:00+00:00,,3,3,24,30
274,GENERAL,completed,auto,0,4,17,20,1,,1,2025-12-20,2025-12-20T09:00:00+00:00,2025-12-20T09:00:00+00:00,2025-12-20T18:00:00+00:00,15,SIM0005,,,2025-12-20T16:19:00+00:00,2025-12-20T16:29:00+00:00,2025-12-20T16:34:00+00:00,2025-12-20T16:54:00+00:00,,10,5,20,35
275,DISPATCH_CARGO,completed,auto,4,3,30,45,1,DISPATCH,1,2025-12-20,2025-12-20T09:00:00+00:00,2025-12-20T09:00:00+00:00,2025-12-20T18:00:00+00:00,11,SIM0001,,,2025-12-20T16:26:00+00:00,2025-12-20T16:33:00+00:00,2025-12-20T16:36:00+00:00,2025-12-20T17:21:00+00:00,,7,3,45,55
276,PUTAWAY_TO_RACK,completed,auto,1,5,44,69,1,FORKLIFT,1,2025-12-20,2025-12-20T09:00:00+00:00,2025-12-20T09:00:00+00:00,2025-12-20T18:00:00+00:00,16,SIM0006,,,2025-12-20T16:38:00+00:00,2025-12-20T16:39:00+00:00,2025-12-20T16:45:00+00:00,2025-12-20T17:54:00+00:00,,1,6,69,76
277,GENERAL,completed,auto,1,1,10,12,1,,1,2025-12-20,2025-12-20T09:00:00+00:00,2025-12-20T09:00:00+00:00,2025-12-20T18:00:00+00:00,18,SIM0008,,,2025-12-20T16:45:00+00:00,2025-12-20T16:46:00+00:00,2025-12-20T16:51:00+00:00,2025-12-20T17:03:00+00:00,,1,5,12,18
278,PUTAWAY_TO_RACK,completed,auto,2,5,44,67,1,FORKLIFT,1,2025-12-20,2025-12-20T09:00:00+00:00,2025-12-20T09:00:00+00:00,2025-12-20T18:00:00+00:00,16,SIM0006,,,2025-12-20T16:47:00+00:00,2025-12-20T16:51:00+00:00,2025-12-20T16:52:00+00:00,2025-12-20T17:59:00+00:00,,4,1,67,72
279,PUTAWAY_TO_RACK,completed,auto,2,5,44,62,1,FORKLIFT,1,2025-12-20,2025-12-20T09:00:00+00:00,2025-12-20T09:00:00+00:00,2025-12-20T18:00:00+00:00,18,SIM0008,,,2025-12-20T16:47:00+00:00,2025-12-20T16:55:00+00:00,2025-12-20T16:56:00+00:00,2025-12-20T17:58:00+00:00,,8,1,62,71
280,GENERAL,completed,auto,0,5,20,22,1,,1,2025-12-20,2025-12-20T09:00:00+00:00,2025-12-20T09:00:00+00:00,2025-12-20T18:00:00+00:00,14,SIM0004,,,2025-12-20T16:54:00+00:00,2025-12-20T17:02:00+00:00,2025-12-20T17:03:00+00:00,2025-12-20T17:25:00+00:00,,8,1,22,31
281,PUTAWAY_TO_RACK,completed,auto,1,3,33,52,1,FORKLIFT,1,2025-12-20,2025-12-20T09:00:00+00:00,2025-12-20T09:00:00+00:00,2025-12-20T18:00:00+00:00,18,SIM0008,,,2025-12-20T17:02:00+00:00,2025-12-20T17:05:00+00:00,2025-12-20T17:09:00+00:00,2025-12-20T18:01:00+00:00,,3,4,52,59
282,RECEIVE_TO_INBOUND,completed,auto,2,2,22,57,1,FORKLIFT;RECEIVE,1,2025-12-20,2025-12-20T09:00:00+00:00,2025-12-20T09:00:00+00:00,2025-12-20T18:00:00+00:00,21,SIM0011,,,2025-12-20T17:02:00+00:00,2025-12-20T17:11:00+00:00,2025-12-20T17:12:00+00:00,2025-12-20T18:09:00+00:00,,9,1,57,67
283,PUTAWAY_TO_RACK,completed,auto,2,3,33,51,1,FORKLIFT,1,2025-12-20,2025-12-20T09:00:00+00:00,2025-12-20T09:00:00+00:00,2025-12-20T18:00:00+00:00,16,SIM0006,,,2025-12-20T17:04:00+00:00,2025-12-20T17:14:00+00:00,2025-12-20T17:20:00+00:00,2025-12-20T18:11:00+00:00,,10,6,51,67
284,PUTAWAY_TO_RACK,completed,auto,3,4,38,61,1,FORKLIFT,1,2025-12-20,2025-12-20T09:00:00+00:00,2025-12-20T09:00:00+00:00,2025-12-20T18:00:00+00:00,18,SIM0008,,,2025-12-20T17:20:00+00:00,2025-12-20T17:22:00+00:00,2025-12-20T17:29:00+00:00,2025-12-20T18:30:00+00:00,,2,7,61,70
285,PUTAWAY_TO_RACK,completed,auto,3,3,33,59,1,FORKLIFT,1,2025-12-20,2025-12-20T09:00:00+00:00,2025-12-20T09:00:00+00:00,2025-12-20T18:00:00+00:00,22,SIM0012,,,2025-12-20T17:20:00+00:00,2025-12-20T17:28:00+00:00,2025-12-20T17:35:00+00:00,2025-12-20T18:34:00+00:00,,8,7,59,74
286,RECEIVE_TO_INBOUND,completed,auto,4,2,22,32,1,FORKLIFT;RECEIVE,1,2025-12-20,2025-12-20T09:00:00+00:00,2025-12-20T09:00:00+00:00,2025-12-20T18:00:00+00:00,18,SIM0008,,,2025-12-20T11:28:00+00:00,2025-12-20T11:35:00+00:00,2025-12-20T11:36:00+00:00,2025-12-20T12:08:00+00:00,,7,1,32,40
287,GENERAL,completed,auto,0,5,20,24,1,,1,2025-12-20,2025-12-20T09:00:00+00:00,2025-12-20T09:00:00+00:00,2025-12-20T18:00:00+00:00,15,SIM0005,,,2025-12-20T11:33:00+00:00,2025-12-20T11:42:00+00:00,2025-12-20T11:49:00+00:00,2025-12-20T12:13:00+00:00,,9,7,24,40
288,MOVE_BETWEEN_SLOTS,completed,auto,0,2,18,28,1,FORKLIFT,1,2025-12-20,2025-12-20T09:00:00+00:00,2025-12-20T09:00:00+00:00,2025-12-20T18:00:00+00:00,21,SIM0011,,,2025-12-20T11:39:00+00:00,2025-12-20T11:44:00+00:00,2025-12-20T11:46:00+00:00,2025-12-20T12:14:00+00:00,,5,2,28,35
289,PUTAWAY_TO_RACK,completed,auto,2,4,38,60,1,FORKLIFT,1,2025-12-20,2025-12-20T09:00:00+00:00,2025-12-20T09:00:00+00:00,2025-12-20T18:00:00+00:00,22,SIM0012,,,2025-12-20T11:46:00+00:00,2025-12-20T11:49:00+00:00,2025-12-20T11:53:00+00:00,2025-12-20T12:53:00+00:00,,3,4,60,67
290,PUTAWAY_TO_RACK,completed,auto,3,3,33,53,1,FORKLIFT,1,2025-12-20,2025-12-20T09:00:00+00:00,2025-12-20T09:00:00+00:00,2025-12-20T18:00:00+00:00,16,SIM0006,,,2025-12-20T11:44:00+00:00,2025-12-20T11:54:00+00:00,2025-12-20T12:01:00+00:00,2025-12-20T12:54:00+00:00,,10,7,53,70
291,DISPATCH_CARGO,completed,auto,3,2,25,38,1,DISPATCH,1,2025-12-20,2025-12-20T09:00:00+00:00,2025-12-20T09:00:00+00:00,2025-12-20T18:00:00+00:00,11,SIM0001,,,2025-12-20T11:47:00+00:00,2025-12-20T11:56:00+00:00,2025-12-20T12:01:00+00:00,2025-12-20T12:39:00+00:00,,9,5,38,52
292,PUTAWAY_TO_RACK,completed,auto,1,4,38,64,1,FORKLIFT,1,2025-12-20,2025-12-20T09:00:00+00:00,2025-12-20T09:00:00+00:00,2025-12-20T18:00:00+00:00,21,SIM0011,,,2025-12-20T11:58:00+00:00,2025-12-20T12:03:00+00:00,2025-12-20T12:05:00+00:00,2025-12-20T13:09:00+00:00,,5,2,64,71
293,DISPATCH_CARGO,completed,auto,4,4,35,47,1,DISPATCH,1,2025-12-20,2025-12-20T09:00:00+00:00,2025-12-20T09:00:00+00:00,2025-12-20T18:00:00+00:00,11,SIM0001,,,2025-12-20T12:05:00+00:00,2025-12-20T12:05:00+00:00,2025-12-20T12:09:00+00:00,2025-12-20T12:56:00+00:00,,0,4,47,51
294,PUTAWAY_TO_RACK,completed,auto,2,1,22,33,1,FORKLIFT,1,2025-12-20,2025-12-20T09:00:00+00:00,2025-12-20T09:00:00+00:00,2025-12-20T18:00:00+00:00,18,SIM0008,,,2025-12-20T12:04:00+00:00,2025-12-20T12:08:00+00:00,2025-12-20T12:09:00+00:00,2025-12-20T12:42:00+00:00,,4,1,33,38
295,DISPATCH_CARGO,completed,auto,4,4,35,50,1,DISPATCH,1,2025-12-20,2025-12-20T09:00:00+00:00,2025-12-20T09:00:00+00:00,2025-12-20T18:00:00+00:00,16,SIM0006,,,2025-12-20T12:12:00+00:00,2025-12-20T12:16:00+00:00,2025-12-20T12:21:00+00:00,2025-12-20T13:11:00+00:00,,4,5,50,59
296,MOVE_BETWEEN_SLOTS,completed,auto,1,3,22,31,1,FORKLIFT,1,2025-12-20,2025-12-20T09:00:00+00:00,2025-12-20T09:00:00+00:00,2025-12-20T18:00:00+00:00,18,SIM0008,,,2025-12-20T12:15:00+00:00,2025-12-20T12:23:00+00:00,2025-12-20T12:27:00+00:00,2025-12-20T12:58:00+00:00,,8,4,31,43
297,GENERAL,completed,auto,0,3,15,15,1,,1,2025-12-20,2025-12-20T09:00:00+00:00,2025-12-20T09:00:00+00:00,2025-12-20T18:00:00+00:00,18,SIM0008,,,2025-12-20T12:16:00+00:00,2025-12-20T12:25:00+00:00,2025-12-20T12:29:00+00:00,2025-12-20T12:44:00+00:00,,9,4,15,28
298,MOVE_BETWEEN_SLOTS,completed,auto,0,5,30,40,1,FORKLIFT,1,2025-12-20,2025-12-20T09:00:00+00:00,2025-12-20T09:00:00+00:00,2025-12-20T18:00:00+00:00,18,SIM0008,,,2025-12-20T12:32:00+00:00,2025-12-20T12:33:00+00:00,2025-12-20T12:36:00+00:00,2025-12-20T13:16:00+00:00,,1,3,40,44
299,MOVE_BETWEEN_SLOTS,completed,auto,1,3,22,31,1,FORKLIFT,1,2025-12-20,2025-12-20T09:00:00+00:00,2025-12-20T09:00:00+00:00,2025-12-20T18:00:00+00:00,18,SIM0008,,,2025-12-20T12:36:00+00:00,2025-12-20T12:39:00+00:00,2025-12-20T12:43:00+00:00,2025-12-20T13:14:00+00:00,,3,4,31,38
300,MOVE_BETWEEN_SLOTS,completed,auto,1,2,18,27,1,FORKLIFT,1,2025-12-20,2025-12-20T09:00:00+00:00,2025-12-20T09:00:00+00:00,2025-12-20T18:00:00+00:00,22,SIM0012,,,2025-12-20T12:32:00+00:00,2025-12-20T12:42:00+00:00,2025-12-20T12:48:00+00:00,2025-12-20T13:15:00+00:00,,10,6,27,43
