task_id,employee_id,task_type,priority,difficulty,estimated_minutes,task_age_minutes,emp_task_assigned_count,emp_task_completed_count,emp_shift_score,minutes_into_shift,label_true_minutes,was_assigned
1,21,RECEIVE_TO_INBOUND,3,5,36,4,0,0,0,0,45.496,1
1,22,RECEIVE_TO_INBOUND,3,5,36,4,0,0,0,0,29.523,0
1,18,RECEIVE_TO_INBOUND,3,5,36,4,0,0,0,0,26.833,0
2,18,GENERAL,0,1,10,4,0,0,0,6,8.439,1
2,16,GENERAL,0,1,10,4,0,0,0,6,9.718,0
2,14,GENERAL,0,1,10,4,0,0,0,6,11.928,0
2,11,GENERAL,0,1,10,4,0,0,0,6,10.446,0
2,17,GENERAL,0,1,10,4,0,0,0,6,12.057,0
2,22,GENERAL,0,1,10,4,0,0,0,6,13.624,0
3,18,GENERAL,0,2,12,5,1,1,1,9,9.206,1
3,21,GENERAL,0,2,12,5,1,1,5,9,16.756,0
3,16,GENERAL,0,2,12,5,0,0,0,9,11.042,0
3,15,GENERAL,0,2,12,5,0,0,0,9,12.136,0
3,19,GENERAL,0,2,12,5,0,0,0,9,10.97,0
3,20,GENERAL,0,2,12,5,0,0,0,9,12.795,0
4,22,MOVE_BETWEEN_SLOTS,1,1,15,7,0,0,0,11,11.009,1
4,18,MOVE_BETWEEN_SLOTS,1,1,15,7,2,2,3,11,12.608,0
4,21,MOVE_BETWEEN_SLOTS,1,1,15,7,1,1,5,11,16.864,0
4,16,MOVE_BETWEEN_SLOTS,1,1,15,7,0,0,0,11,14.047,0
5,18,PUTAWAY_TO_RACK,1,1,22,1,2,2,3,14,20.976,1
5,22,PUTAWAY_TO_RACK,1,1,22,1,1,1,1,14,19.566,0
5,21,PUTAWAY_TO_RACK,1,1,22,1,1,1,5,14,22.703,0
5,16,PUTAWAY_TO_RACK,1,1,22,1,0,0,0,14,20.323,0
6,18,RECEIVE_TO_INBOUND,3,2,22,7,3,3,4,16,19.66,1
6,21,RECEIVE_TO_INBOUND,3,2,22,7,1,1,5,16,32.587,0
6,22,RECEIVE_TO_INBOUND,3,2,22,7,1,1,1,16,20.813,0
7,11,DISPATCH_CARGO,3,5,40,3,0,0,0,19,40.399,1
7,16,DISPATCH_CARGO,3,5,40,3,0,0,0,19,41.016,0
7,19,DISPATCH_CARGO,3,5,40,3,0,0,0,19,48.892,0
8,11,DISPATCH_CARGO,4,4,35,6,1,1,5,22,23.137,1
8,19,DISPATCH_CARGO,4,4,35,6,0,0,0,22,33.587,0
8,16,DISPATCH_CARGO,4,4,35,6,0,0,0,22,36.503,0
9,22,MOVE_BETWEEN_SLOTS,2,4,26,5,1,1,1,26,22.196,1
9,21,MOVE_BETWEEN_SLOTS,2,4,26,5,1,1,5,26,29.849,0
9,16,MOVE_BETWEEN_SLOTS,2,4,26,5,0,0,0,26,26.902,0
9,18,MOVE_BETWEEN_SLOTS,2,4,26,5,4,4,6,26,25.016,0
10,19,GENERAL,0,5,20,8,0,0,0,28,17.233,1
10,17,GENERAL,0,5,20,8,0,0,0,28,17.401,0
10,22,GENERAL,0,5,20,8,2,2,5,28,27.523,0
10,21,GENERAL,0,5,20,8,1,1,5,28,29.693,0
10,11,GENERAL,0,5,20,8,2,2,9,28,23.08,0
10,18,GENERAL,0,5,20,8,4,4,6,28,18.089,0
11,18,RECEIVE_TO_INBOUND,4,1,18,5,4,4,6,32,13.789,1
11,21,RECEIVE_TO_INBOUND,4,1,18,5,1,1,5,32,23.467,0
11,22,RECEIVE_TO_INBOUND,4,1,18,5,2,2,5,32,17.122,0
12,22,MOVE_BETWEEN_SLOTS,1,3,22,0,2,2,5,34,18.502,1
12,18,MOVE_BETWEEN_SLOTS,1,3,22,0,5,5,7,34,18.926,0
12,16,MOVE_BETWEEN_SLOTS,1,3,22,0,0,0,0,34,23.517,0
12,21,MOVE_BETWEEN_SLOTS,1,3,22,0,1,1,5,34,24.07,0
13,22,RECEIVE_TO_INBOUND,3,2,22,4,3,3,8,41,20.885,1
13,21,RECEIVE_TO_INBOUND,3,2,22,4,1,1,5,41,32.475,0
13,18,RECEIVE_TO_INBOUND,3,2,22,4,5,5,7,41,23.281,0
14,18,MOVE_BETWEEN_SLOTS,1,2,18,4,5,5,7,47,17.347,1
14,21,MOVE_BETWEEN_SLOTS,1,2,18,4,1,1,5,47,19.744,0
14,16,MOVE_BETWEEN_SLOTS,1,2,18,4,0,0,0,47,17.39,0
14,22,MOVE_BETWEEN_SLOTS,1,2,18,4,4,4,10,47,17.354,0
15,21,PUTAWAY_TO_RACK,2,3,33,8,1,1,5,49,35.977,1
15,22,PUTAWAY_TO_RACK,2,3,33,8,4,4,10,49,37.095,0
15,16,PUTAWAY_TO_RACK,2,3,33,8,0,0,0,49,31.293,0
15,18,PUTAWAY_TO_RACK,2,3,33,8,6,6,9,49,32.811,0
16,11,DISPATCH_CARGO,3,2,25,10,2,2,9,51,19.488,1
16,19,DISPATCH_CARGO,3,2,25,10,1,1,5,51,29.682,0
16,16,DISPATCH_CARGO,3,2,25,10,0,0,0,51,27.152,0
17,16,MOVE_BETWEEN_SLOTS,2,5,30,2,0,0,0,54,25.116,1
17,21,MOVE_BETWEEN_SLOTS,2,5,30,2,2,2,8,54,31.129,0
17,18,MOVE_BETWEEN_SLOTS,2,5,30,2,6,6,9,54,32.286,0
17,22,MOVE_BETWEEN_SLOTS,2,5,30,2,4,4,10,54,29.642,0
18,18,MOVE_BETWEEN_SLOTS,1,4,26,3,6,6,9,59,24.601,1
18,16,MOVE_BETWEEN_SLOTS,1,4,26,3,1,1,5,59,25.994,0
18,21,MOVE_BETWEEN_SLOTS,1,4,26,3,2,2,8,59,31.742,0
18,22,MOVE_BETWEEN_SLOTS,1,4,26,3,4,4,10,59,27.754,0
19,22,MOVE_BETWEEN_SLOTS,1,2,18,5,4,4,10,67,16.273,1
19,18,MOVE_BETWEEN_SLOTS,1,2,18,5,7,7,13,67,19.238,0
19,21,MOVE_BETWEEN_SLOTS,1,2,18,5,2,2,8,67,20.043,0
19,16,MOVE_BETWEEN_SLOTS,1,2,18,5,1,1,5,67,21.015,0
20,18,GENERAL,0,3,15,0,7,7,13,74,11.658,1
20,17,GENERAL,0,3,15,0,0,0,0,74,16.07,0
20,20,GENERAL,0,3,15,0,0,0,0,74,15.258,0
20,15,GENERAL,0,3,15,0,0,0,0,74,17.987,0
20,21,GENERAL,0,3,15,0,2,2,8,74,24.44,0
20,13,GENERAL,0,3,15,0,0,0,0,74,23.431,0
21,22,RECEIVE_TO_INBOUND,3,3,27,2,5,5,12,81,24.202,1
21,18,RECEIVE_TO_INBOUND,3,3,27,2,8,8,16,81,24.604,0
21,21,RECEIVE_TO_INBOUND,3,3,27,2,2,2,8,81,37.612,0
22,11,DISPATCH_CARGO,4,2,25,10,3,3,11,84,18.661,1
22,16,DISPATCH_CARGO,4,2,25,10,1,1,5,84,26.144,0
22,19,DISPATCH_CARGO,4,2,25,10,1,1,5,84,27.875,0
23,16,DISPATCH_CARGO,4,4,35,2,1,1,5,88,28.968,1
23,19,DISPATCH_CARGO,4,4,35,2,1,1,5,88,39.354,0
23,11,DISPATCH_CARGO,4,4,35,2,4,4,13,88,32.303,0
24,22,MOVE_BETWEEN_SLOTS,1,5,30,0,6,6,15,95,31.709,1
24,16,MOVE_BETWEEN_SLOTS,1,5,30,0,2,2,9,95,36.559,0
24,18,MOVE_BETWEEN_SLOTS,1,5,30,0,8,8,16,95,33.263,0
24,21,MOVE_BETWEEN_SLOTS,1,5,30,0,2,2,8,95,32.03,0
25,18,GENERAL,1,1,10,8,8,8,16,97,8.971,1
25,22,GENERAL,1,1,10,8,7,7,20,97,16.396,0
25,19,GENERAL,1,1,10,8,1,1,5,97,9.818,0
25,11,GENERAL,1,1,10,8,4,4,13,97,10.11,0
25,16,GENERAL,1,1,10,8,2,2,9,97,9.345,0
25,17,GENERAL,1,1,10,8,0,0,0,97,10.271,0
26,12,GENERAL,0,4,17,1,0,0,0,102,14.026,1
26,19,GENERAL,0,4,17,1,1,1,5,102,17.083,0
26,14,GENERAL,0,4,17,1,0,0,0,102,21.603,0
26,13,GENERAL,0,4,17,1,0,0,0,102,23.881,0
26,21,GENERAL,0,4,17,1,2,2,8,102,25.54,0
26,16,GENERAL,0,4,17,1,2,2,9,102,14.627,0
27,19,GENERAL,1,4,17,6,1,1,5,105,13.917,1
27,17,GENERAL,1,4,17,6,0,0,0,105,19.443,0
27,13,GENERAL,1,4,17,6,0,0,0,105,21.439,0
27,18,GENERAL,1,4,17,6,9,9,17,105,15.037,0
27,20,GENERAL,1,4,17,6,0,0,0,105,19.105,0
27,22,GENERAL,1,4,17,6,7,7,20,105,29.336,0
28,18,MOVE_BETWEEN_SLOTS,1,4,26,9,9,9,17,111,22.808,1
28,16,MOVE_BETWEEN_SLOTS,1,4,26,9,2,2,9,111,30.135,0
28,21,MOVE_BETWEEN_SLOTS,1,4,26,9,2,2,8,111,30.577,0
28,22,MOVE_BETWEEN_SLOTS,1,4,26,9,7,7,20,111,26.305,0
29,11,DISPATCH_CARGO,5,2,25,4,4,4,13,118,22.503,1
29,16,DISPATCH_CARGO,5,2,25,4,2,2,9,118,26.214,0
29,19,DISPATCH_CARGO,5,2,25,4,2,2,9,118,28.018,0
30,21,MOVE_BETWEEN_SLOTS,2,1,15,10,2,2,8,126,16.103,1
30,16,MOVE_BETWEEN_SLOTS,2,1,15,10,2,2,9,126,16.925,0
30,18,MOVE_BETWEEN_SLOTS,2,1,15,10,10,10,21,126,17.275,0
30,22,MOVE_BETWEEN_SLOTS,2,1,15,10,7,7,20,126,16.343,0
31,16,PUTAWAY_TO_RACK,2,1,22,5,2,2,9,128,22.237,1
31,21,PUTAWAY_TO_RACK,2,1,22,5,3,3,9,128,27.956,0
31,18,PUTAWAY_TO_RACK,2,1,22,5,10,10,21,128,26.986,0
31,22,PUTAWAY_TO_RACK,2,1,22,5,7,7,20,128,30.477,0
32,22,PUTAWAY_TO_RACK,1,3,33,3,7,7,20,131,33.686,1
32,21,PUTAWAY_TO_RACK,1,3,33,3,3,3,9,131,35.102,0
32,18,PUTAWAY_TO_RACK,1,3,33,3,10,10,21,131,33.705,0
32,16,PUTAWAY_TO_RACK,1,3,33,3,3,3,10,131,38.691,0
33,21,RECEIVE_TO_INBOUND,2,3,27,10,3,3,9,133,41.285,1
33,22,RECEIVE_TO_INBOUND,2,3,27,10,8,8,23,133,25.055,0
33,18,RECEIVE_TO_INBOUND,2,3,27,10,10,10,21,133,23.863,0
34,12,GENERAL,0,3,15,7,1,1,4,137,11.977,1
34,22,GENERAL,0,3,15,7,8,8,23,137,27.406,0
34,16,GENERAL,0,3,15,7,3,3,10,137,12.758,0
34,21,GENERAL,0,3,15,7,4,4,12,137,23.034,0
34,14,GENERAL,0,3,15,7,0,0,0,137,19.654,0
34,18,GENERAL,0,3,15,7,10,10,21,137,13.035,0
35,15,GENERAL,1,5,20,7,0,0,0,142,19.477,1
35,22,GENERAL,1,5,20,7,8,8,23,142,31.762,0
35,16,GENERAL,1,5,20,7,3,3,10,142,20.118,0
35,18,GENERAL,1,5,20,7,10,10,21,142,20.949,0
35,12,GENERAL,1,5,20,7,2,2,7,142,20.181,0
35,19,GENERAL,1,5,20,7,2,2,9,142,21.693,0
36,16,PUTAWAY_TO_RACK,2,3,33,7,3,3,10,148,30.972,1
36,21,PUTAWAY_TO_RACK,2,3,33,7,4,4,12,148,34.846,0
36,22,PUTAWAY_TO_RACK,2,3,33,7,8,8,23,148,43.311,0
36,18,PUTAWAY_TO_RACK,2,3,33,7,10,10,21,148,40.879,0
37,16,PUTAWAY_TO_RACK,2,1,22,7,4,4,13,152,22.257,1
37,22,PUTAWAY_TO_RACK,2,1,22,7,8,8,23,152,26.233,0
37,21,PUTAWAY_TO_RACK,2,1,22,7,4,4,12,152,29.418,0
37,18,PUTAWAY_TO_RACK,2,1,22,7,10,10,21,152,30.051,0
38,18,RECEIVE_TO_INBOUND,3,2,22,8,10,10,21,156,21.771,1
38,21,RECEIVE_TO_INBOUND,3,2,22,8,4,4,12,156,36.045,0
38,22,RECEIVE_TO_INBOUND,3,2,22,8,8,8,23,156,25.457,0
39,11,DISPATCH_CARGO,3,1,20,0,5,5,15,160,18.177,1
39,16,DISPATCH_CARGO,3,1,20,0,5,5,14,160,19.802,0
39,19,DISPATCH_CARGO,3,1,20,0,2,2,9,160,22.432,0
40,18,RECEIVE_TO_INBOUND,4,1,18,1,11,11,23,164,15.839,1
40,21,RECEIVE_TO_INBOUND,4,1,18,1,4,4,12,164,27.617,0
40,22,RECEIVE_TO_INBOUND,4,1,18,1,8,8,23,164,18.209,0
41,16,GENERAL,0,4,17,2,5,5,14,167,16.433,1
41,14,GENERAL,0,4,17,2,0,0,0,167,21.525,0
41,11,GENERAL,0,4,17,2,6,6,16,167,19.766,0
41,21,GENERAL,0,4,17,2,4,4,12,167,27.126,0
41,15,GENERAL,0,4,17,2,1,1,5,167,17.578,0
41,20,GENERAL,0,4,17,2,0,0,0,167,19.251,0
42,16,PUTAWAY_TO_RACK,2,3,33,9,6,6,18,170,32.983,1
42,18,PUTAWAY_TO_RACK,2,3,33,9,12,12,24,170,40.995,0
42,22,PUTAWAY_TO_RACK,2,3,33,9,8,8,23,170,38.025,0
42,21,PUTAWAY_TO_RACK,2,3,33,9,4,4,12,170,36.189,0
43,18,RECEIVE_TO_INBOUND,3,5,36,0,12,12,24,177,30.116,1
43,22,RECEIVE_TO_INBOUND,3,5,36,0,8,8,23,177,31.889,0
43,21,RECEIVE_TO_INBOUND,3,5,36,0,4,4,12,177,49.173,0
44,17,GENERAL,0,5,20,9,0,0,0,180,18.578,1
44,19,GENERAL,0,5,20,9,2,2,9,180,22.213,0
44,20,GENERAL,0,5,20,9,0,0,0,180,19.476,0
44,13,GENERAL,0,5,20,9,0,0,0,180,26.646,0
44,14,GENERAL,0,5,20,9,0,0,0,180,25.069,0
44,16,GENERAL,0,5,20,9,7,7,21,180,23.393,0
45,11,DISPATCH_CARGO,5,1,20,7,6,6,16,186,17.72,1
45,19,DISPATCH_CARGO,5,1,20,7,2,2,9,186,21.6,0
45,16,DISPATCH_CARGO,5,1,20,7,7,7,21,186,23.992,0
46,17,GENERAL,1,1,10,0,1,1,5,190,9.438,1
46,19,GENERAL,1,1,10,0,2,2,9,190,10.108,0
46,22,GENERAL,1,1,10,0,8,8,23,190,14.196,0
46,14,GENERAL,1,1,10,0,0,0,0,190,12.84,0
46,12,GENERAL,1,1,10,0,2,2,7,190,9.828,0
46,18,GENERAL,1,1,10,0,13,13,29,190,11.762,0
47,16,PUTAWAY_TO_RACK,1,3,33,10,7,7,21,193,37.586,1
47,22,PUTAWAY_TO_RACK,1,3,33,10,8,8,23,193,48.085,0
47,18,PUTAWAY_TO_RACK,1,3,33,10,13,13,29,193,41.561,0
47,21,PUTAWAY_TO_RACK,1,3,33,10,4,4,12,193,39.066,0
48,22,MOVE_BETWEEN_SLOTS,1,5,30,8,8,8,23,201,28.467,1
48,21,MOVE_BETWEEN_SLOTS,1,5,30,8,4,4,12,201,35.186,0
48,16,MOVE_BETWEEN_SLOTS,1,5,30,8,8,8,24,201,36.42,0
48,18,MOVE_BETWEEN_SLOTS,1,5,30,8,13,13,29,201,30.955,0
49,21,MOVE_BETWEEN_SLOTS,1,4,26,9,4,4,12,208,28.295,1
49,16,MOVE_BETWEEN_SLOTS,1,4,26,9,8,8,24,208,32.637,0
49,22,MOVE_BETWEEN_SLOTS,1,4,26,9,9,9,28,208,28.725,0
49,18,MOVE_BETWEEN_SLOTS,1,4,26,9,13,13,29,208,31.981,0
50,11,DISPATCH_CARGO,5,5,40,5,7,7,17,215,35.684,1
50,19,DISPATCH_CARGO,5,5,40,5,2,2,9,215,50.67,0
50,16,DISPATCH_CARGO,5,5,40,5,8,8,24,215,43.793,0
51,16,PUTAWAY_TO_RACK,3,5,44,6,8,8,24,223,52.77,1
51,21,PUTAWAY_TO_RACK,3,5,44,6,5,5,16,223,60.985,0
51,22,PUTAWAY_TO_RACK,3,5,44,6,9,9,28,223,57.809,0
51,18,PUTAWAY_TO_RACK,3,5,44,6,13,13,29,223,65.221,0
52,11,DISPATCH_CARGO,4,1,20,7,8,8,22,228,17.353,1
52,19,DISPATCH_CARGO,4,1,20,7,2,2,9,228,25.978,0
52,16,DISPATCH_CARGO,4,1,20,7,9,9,29,228,23.746,0
53,11,DISPATCH_CARGO,3,2,25,6,9,9,23,230,21.915,1
53,19,DISPATCH_CARGO,3,2,25,6,2,2,9,230,30.396,0
53,16,DISPATCH_CARGO,3,2,25,6,9,9,29,230,23.569,0
54,22,MOVE_BETWEEN_SLOTS,2,5,30,1,9,9,28,237,30.014,1
54,18,MOVE_BETWEEN_SLOTS,2,5,30,1,13,13,29,237,32.544,0
54,21,MOVE_BETWEEN_SLOTS,2,5,30,1,5,5,16,237,36.953,0
54,16,MOVE_BETWEEN_SLOTS,2,5,30,1,9,9,29,237,41.677,0
55,21,PUTAWAY_TO_RACK,3,1,22,0,5,5,16,240,26.766,1
55,16,PUTAWAY_TO_RACK,3,1,22,0,9,9,29,240,30.213,0
55,22,PUTAWAY_TO_RACK,3,1,22,0,10,10,33,240,27.557,0
55,18,PUTAWAY_TO_RACK,3,1,22,0,13,13,29,240,28.141,0
56,21,MOVE_BETWEEN_SLOTS,1,3,22,1,6,6,17,242,23.83,1
56,16,MOVE_BETWEEN_SLOTS,1,3,22,1,9,9,29,242,26.687,0
56,18,MOVE_BETWEEN_SLOTS,1,3,22,1,13,13,29,242,25.85,0
56,22,MOVE_BETWEEN_SLOTS,1,3,22,1,10,10,33,242,26.075,0
57,11,DISPATCH_CARGO,4,5,40,4,10,10,25,248,41.258,1
57,16,DISPATCH_CARGO,4,5,40,4,9,9,29,248,52.955,0
57,19,DISPATCH_CARGO,4,5,40,4,2,2,9,248,41.385,0
58,18,RECEIVE_TO_INBOUND,3,4,31,4,13,13,29,255,33.324,1
58,22,RECEIVE_TO_INBOUND,3,4,31,4,10,10,33,255,33.836,0
58,21,RECEIVE_TO_INBOUND,3,4,31,4,7,7,20,255,55.424,0
59,21,PUTAWAY_TO_RACK,3,4,38,10,7,7,20,260,47.697,1
59,18,PUTAWAY_TO_RACK,3,4,38,10,14,14,33,260,53.746,0
59,16,PUTAWAY_TO_RACK,3,4,38,10,9,9,29,260,49.492,0
59,22,PUTAWAY_TO_RACK,3,4,38,10,10,10,33,260,52.583,0
60,19,GENERAL,1,1,10,0,2,2,9,265,10.144,1
60,20,GENERAL,1,1,10,0,0,0,0,265,9.173,0
60,18,GENERAL,1,1,10,0,14,14,33,265,10.931,0
60,17,GENERAL,1,1,10,0,2,2,6,265,11.183,0
60,15,GENERAL,1,1,10,0,1,1,5,265,10.613,0
60,11,GENERAL,1,1,10,0,11,11,30,265,14.435,0
61,16,PUTAWAY_TO_RACK,2,5,44,4,9,9,29,269,44.032,1
61,21,PUTAWAY_TO_RACK,2,5,44,4,8,8,24,269,60.077,0
61,22,PUTAWAY_TO_RACK,2,5,44,4,10,10,33,269,54.048,0
61,18,PUTAWAY_TO_RACK,2,5,44,4,14,14,33,269,56.575,0
62,11,DISPATCH_CARGO,4,1,20,8,11,11,30,276,20.871,1
62,16,DISPATCH_CARGO,4,1,20,8,10,10,34,276,22.952,0
62,19,DISPATCH_CARGO,4,1,20,8,3,3,10,276,22.751,0
63,11,DISPATCH_CARGO,4,1,20,4,12,12,31,280,19.024,1
63,16,DISPATCH_CARGO,4,1,20,4,10,10,34,280,22.256,0
63,19,DISPATCH_CARGO,4,1,20,4,3,3,10,280,23.556,0
64,22,MOVE_BETWEEN_SLOTS,1,1,15,1,10,10,33,286,15.937,1
64,16,MOVE_BETWEEN_SLOTS,1,1,15,1,10,10,34,286,17.149,0
64,21,MOVE_BETWEEN_SLOTS,1,1,15,1,8,8,24,286,19.857,0
64,18,MOVE_BETWEEN_SLOTS,1,1,15,1,14,14,33,286,17.512,0
65,11,DISPATCH_CARGO,4,1,20,2,13,13,32,293,22.24,1
65,16,DISPATCH_CARGO,4,1,20,2,10,10,34,293,24.495,0
65,19,DISPATCH_CARGO,4,1,20,2,3,3,10,293,24.993,0
66,18,MOVE_BETWEEN_SLOTS,2,5,30,6,14,14,33,298,30.568,1
66,16,MOVE_BETWEEN_SLOTS,2,5,30,6,10,10,34,298,38.474,0
66,22,MOVE_BETWEEN_SLOTS,2,5,30,6,11,11,34,298,36.378,0
66,21,MOVE_BETWEEN_SLOTS,2,5,30,6,8,8,24,298,34.724,0
67,16,PUTAWAY_TO_RACK,3,4,38,5,10,10,34,302,44.055,1
67,21,PUTAWAY_TO_RACK,3,4,38,5,8,8,24,302,48.587,0
67,18,PUTAWAY_TO_RACK,3,4,38,5,15,15,38,302,60.173,0
67,22,PUTAWAY_TO_RACK,3,4,38,5,11,11,34,302,56.193,0
68,16,PUTAWAY_TO_RACK,3,1,22,2,11,11,38,304,29.887,1
68,21,PUTAWAY_TO_RACK,3,1,22,2,8,8,24,304,30.045,0
68,22,PUTAWAY_TO_RACK,3,1,22,2,11,11,34,304,25.241,0
68,18,PUTAWAY_TO_RACK,3,1,22,2,15,15,38,304,31.29,0
69,18,RECEIVE_TO_INBOUND,3,5,36,2,15,15,38,312,32.265,1
69,21,RECEIVE_TO_INBOUND,3,5,36,2,8,8,24,312,53.192,0
69,22,RECEIVE_TO_INBOUND,3,5,36,2,11,11,34,312,36.76,0
70,16,MOVE_BETWEEN_SLOTS,1,2,18,3,12,12,39,320,21.69,1
70,21,MOVE_BETWEEN_SLOTS,1,2,18,3,8,8,24,320,26.145,0
70,18,MOVE_BETWEEN_SLOTS,1,2,18,3,16,16,43,320,21.57,0
70,22,MOVE_BETWEEN_SLOTS,1,2,18,3,11,11,34,320,23.04,0
71,22,PUTAWAY_TO_RACK,1,3,33,8,11,11,34,326,44.668,1
71,18,PUTAWAY_TO_RACK,1,3,33,8,16,16,43,326,48.522,0
71,16,PUTAWAY_TO_RACK,1,3,33,8,13,13,41,326,46.3,0
71,21,PUTAWAY_TO_RACK,1,3,33,8,8,8,24,326,44.709,0
72,12,GENERAL,0,2,12,9,2,2,7,332,9.656,1
72,19,GENERAL,0,2,12,9,3,3,10,332,12.533,0
72,17,GENERAL,0,2,12,9,2,2,6,332,15.794,0
72,21,GENERAL,0,2,12,9,8,8,24,332,21.209,0
72,22,GENERAL,0,2,12,9,12,12,37,332,20.048,0
72,13,GENERAL,0,2,12,9,0,0,0,332,16.489,0
73,18,RECEIVE_TO_INBOUND,3,1,18,1,16,16,43,335,16.705,1
73,22,RECEIVE_TO_INBOUND,3,1,18,1,12,12,37,335,17.721,0
73,21,RECEIVE_TO_INBOUND,3,1,18,1,8,8,24,335,32.577,0
74,21,MOVE_BETWEEN_SLOTS,1,3,22,5,8,8,24,339,26.941,1
74,18,MOVE_BETWEEN_SLOTS,1,3,22,5,17,17,44,339,30.588,0
74,16,MOVE_BETWEEN_SLOTS,1,3,22,5,13,13,41,339,33.272,0
74,22,MOVE_BETWEEN_SLOTS,1,3,22,5,12,12,37,339,24.763,0
75,15,GENERAL,0,5,20,1,1,1,5,347,18.019,1
75,13,GENERAL,0,5,20,1,0,0,0,347,25.413,0
75,22,GENERAL,0,5,20,1,12,12,37,347,33.403,0
75,20,GENERAL,0,5,20,1,0,0,0,347,20.944,0
75,12,GENERAL,0,5,20,1,3,3,9,347,18.454,0
75,19,GENERAL,0,5,20,1,3,3,10,347,21.198,0
76,22,RECEIVE_TO_INBOUND,3,2,22,2,12,12,37,351,23.745,1
76,21,RECEIVE_TO_INBOUND,3,2,22,2,9,9,27,351,38.149,0
76,18,RECEIVE_TO_INBOUND,3,2,22,2,17,17,44,351,25.055,0
77,20,GENERAL,0,4,17,9,0,0,0,359,16.057,1
77,19,GENERAL,0,4,17,9,3,3,10,359,17.721,0
77,17,GENERAL,0,4,17,9,2,2,6,359,18.347,0
77,21,GENERAL,0,4,17,9,9,9,27,359,30.087,0
77,13,GENERAL,0,4,17,9,0,0,0,359,27.08,0
77,16,GENERAL,0,4,17,9,13,13,41,359,23.145,0
78,22,PUTAWAY_TO_RACK,1,5,44,0,13,13,39,361,55.186,1
78,18,PUTAWAY_TO_RACK,1,5,44,0,17,17,44,361,64.281,0
78,21,PUTAWAY_TO_RACK,1,5,44,0,9,9,27,361,56.952,0
78,16,PUTAWAY_TO_RACK,1,5,44,0,13,13,41,361,57.049,0
79,18,RECEIVE_TO_INBOUND,3,2,22,6,17,17,44,364,28.34,1
79,21,RECEIVE_TO_INBOUND,3,2,22,6,9,9,27,364,37.142,0
79,22,RECEIVE_TO_INBOUND,3,2,22,6,14,14,44,364,26.694,0
80,11,DISPATCH_CARGO,4,5,40,6,14,14,33,367,41.568,1
80,19,DISPATCH_CARGO,4,5,40,6,3,3,10,367,48.064,0
80,16,DISPATCH_CARGO,4,5,40,6,13,13,41,367,44.175,0
81,19,DISPATCH_CARGO,5,1,20,4,3,3,10,375,21.807,1
81,16,DISPATCH_CARGO,5,1,20,4,13,13,41,375,24.059,0
81,11,DISPATCH_CARGO,5,1,20,4,15,15,38,375,25.903,0
82,22,RECEIVE_TO_INBOUND,3,3,27,1,14,14,44,377,28.493,1
82,21,RECEIVE_TO_INBOUND,3,3,27,1,9,9,27,377,48.364,0
82,18,RECEIVE_TO_INBOUND,3,3,27,1,18,18,46,377,29.26,0
83,16,PUTAWAY_TO_RACK,3,4,38,1,13,13,41,382,46.98,1
83,18,PUTAWAY_TO_RACK,3,4,38,1,18,18,46,382,54.912,0
83,21,PUTAWAY_TO_RACK,3,4,38,1,9,9,27,382,50.869,0
83,22,PUTAWAY_TO_RACK,3,4,38,1,15,15,47,382,59.531,0
84,12,GENERAL,0,5,20,7,3,3,9,388,18.421,1
84,17,GENERAL,0,5,20,7,2,2,6,388,22.58,0
84,19,GENERAL,0,5,20,7,4,4,11,388,19.027,0
84,15,GENERAL,0,5,20,7,2,2,10,388,21.959,0
84,14,GENERAL,0,5,20,7,0,0,0,388,19.877,0
84,20,GENERAL,0,5,20,7,1,1,4,388,20.11,0
85,11,DISPATCH_CARGO,4,4,35,0,15,15,38,396,40.981,1
85,16,DISPATCH_CARGO,4,4,35,0,14,14,45,396,41.764,0
85,19,DISPATCH_CARGO,4,4,35,0,4,4,11,396,42.413,0
86,18,RECEIVE_TO_INBOUND,4,1,18,7,18,18,46,400,21.003,1
86,21,RECEIVE_TO_INBOUND,4,1,18,7,9,9,27,400,28.065,0
86,22,RECEIVE_TO_INBOUND,4,1,18,7,15,15,47,400,22.191,0
87,21,MOVE_BETWEEN_SLOTS,2,5,30,1,9,9,27,408,32.826,1
87,18,MOVE_BETWEEN_SLOTS,2,5,30,1,19,19,47,408,37.905,0
87,16,MOVE_BETWEEN_SLOTS,2,5,30,1,14,14,45,408,33.603,0
87,22,MOVE_BETWEEN_SLOTS,2,5,30,1,15,15,47,408,38.09,0
88,22,RECEIVE_TO_INBOUND,4,2,22,6,15,15,47,414,25.508,1
88,18,RECEIVE_TO_INBOUND,4,2,22,6,19,19,47,414,28.648,0
88,21,RECEIVE_TO_INBOUND,4,2,22,6,10,10,32,414,39.633,0
89,17,GENERAL,0,1,10,10,2,2,6,422,9.677,1
89,16,GENERAL,0,1,10,10,14,14,45,422,12.253,0
89,19,GENERAL,0,1,10,10,4,4,11,422,9.704,0
89,18,GENERAL,0,1,10,10,19,19,47,422,12.986,0
89,11,GENERAL,0,1,10,10,16,16,42,422,14.076,0
89,22,GENERAL,0,1,10,10,16,16,49,422,19.95,0
90,11,DISPATCH_CARGO,4,5,40,7,16,16,42,427,49.052,1
90,16,DISPATCH_CARGO,4,5,40,7,14,14,45,427,56.816,0
90,19,DISPATCH_CARGO,4,5,40,7,4,4,11,427,49.787,0
91,21,PUTAWAY_TO_RACK,1,2,27,0,10,10,32,430,34.418,1
91,18,PUTAWAY_TO_RACK,1,2,27,0,19,19,47,430,45.944,0
91,16,PUTAWAY_TO_RACK,1,2,27,0,14,14,45,430,35.749,0
91,22,PUTAWAY_TO_RACK,1,2,27,0,16,16,49,430,40.454,0
92,14,GENERAL,0,4,17,3,0,0,0,437,17.436,1
92,19,GENERAL,0,4,17,3,4,4,11,437,18.794,0
92,11,GENERAL,0,4,17,3,17,17,47,437,28.499,0
92,17,GENERAL,0,4,17,3,3,3,7,437,17.68,0
92,20,GENERAL,0,4,17,3,1,1,4,437,20.805,0
92,16,GENERAL,0,4,17,3,14,14,45,437,23.481,0
93,12,GENERAL,0,2,12,7,4,4,14,441,12.704,1
93,20,GENERAL,0,2,12,7,1,1,4,441,14.689,0
93,14,GENERAL,0,2,12,7,1,1,4,441,17.016,0
93,21,GENERAL,0,2,12,7,11,11,34,441,19.728,0
93,17,GENERAL,0,2,12,7,3,3,7,441,14.394,0
93,19,GENERAL,0,2,12,7,4,4,11,441,13.957,0
94,22,PUTAWAY_TO_RACK,2,1,22,7,16,16,49,445,28.794,1
94,16,PUTAWAY_TO_RACK,2,1,22,7,14,14,45,445,33.923,0
94,18,PUTAWAY_TO_RACK,2,1,22,7,19,19,47,445,30.294,0
94,21,PUTAWAY_TO_RACK,2,1,22,7,11,11,34,445,28.679,0
95,11,DISPATCH_CARGO,3,5,40,8,17,17,47,452,47.935,1
95,16,DISPATCH_CARGO,3,5,40,8,14,14,45,452,52.719,0
95,19,DISPATCH_CARGO,3,5,40,8,4,4,11,452,49.881,0
96,18,MOVE_BETWEEN_SLOTS,1,2,18,8,19,19,47,457,24.742,1
96,21,MOVE_BETWEEN_SLOTS,1,2,18,8,11,11,34,457,25.976,0
96,22,MOVE_BETWEEN_SLOTS,1,2,18,8,17,17,50,457,22.028,0
96,16,MOVE_BETWEEN_SLOTS,1,2,18,8,14,14,45,457,27.462,0
97,16,PUTAWAY_TO_RACK,3,3,33,5,14,14,45,459,40.86,1
97,22,PUTAWAY_TO_RACK,3,3,33,5,17,17,50,459,47.453,0
97,21,PUTAWAY_TO_RACK,3,3,33,5,11,11,34,459,46.961,0
97,18,PUTAWAY_TO_RACK,3,3,33,5,20,20,49,459,53.191,0
98,19,DISPATCH_CARGO,3,4,35,5,4,4,11,461,35.892,1
98,11,DISPATCH_CARGO,3,4,35,5,18,18,52,461,41.293,0
98,16,DISPATCH_CARGO,3,4,35,5,15,15,48,461,40.473,0
99,18,MOVE_BETWEEN_SLOTS,0,2,18,10,20,20,49,469,21.06,1
99,22,MOVE_BETWEEN_SLOTS,0,2,18,10,17,17,50,469,24.228,0
99,21,MOVE_BETWEEN_SLOTS,0,2,18,10,11,11,34,469,24.657,0
99,16,MOVE_BETWEEN_SLOTS,0,2,18,10,15,15,48,469,27.32,0
100,19,DISPATCH_CARGO,4,2,25,5,5,5,15,472,29.662,1
100,11,DISPATCH_CARGO,4,2,25,5,18,18,52,472,34.014,0
100,16,DISPATCH_CARGO,4,2,25,5,15,15,48,472,35.756,0
101,20,GENERAL,0,4,17,7,1,1,4,476,17.721,1
101,18,GENERAL,0,4,17,7,21,21,51,476,20.35,0
101,21,GENERAL,0,4,17,7,11,11,34,476,33.521,0
101,14,GENERAL,0,4,17,7,1,1,4,476,20.235,0
101,22,GENERAL,0,4,17,7,17,17,50,476,27.695,0
101,17,GENERAL,0,4,17,7,3,3,7,476,20.365,0
102,12,GENERAL,0,3,15,0,5,5,16,483,16.072,1
102,21,GENERAL,0,3,15,0,11,11,34,483,23.005,0
102,13,GENERAL,0,3,15,0,0,0,0,483,21.421,0
102,11,GENERAL,0,3,15,0,18,18,52,483,24.797,0
102,19,GENERAL,0,3,15,0,6,6,17,483,17.365,0
102,15,GENERAL,0,3,15,0,2,2,10,483,17.436,0
103,18,RECEIVE_TO_INBOUND,3,2,22,7,21,21,51,485,25.575,1
103,22,RECEIVE_TO_INBOUND,3,2,22,7,17,17,50,485,32.423,0
103,21,RECEIVE_TO_INBOUND,3,2,22,7,11,11,34,485,35.61,0
104,16,DISPATCH_CARGO,4,1,20,7,15,15,48,489,26.751,1
104,11,DISPATCH_CARGO,4,1,20,7,18,18,52,489,22.218,0
104,19,DISPATCH_CARGO,4,1,20,7,6,6,17,489,25.092,0
105,17,GENERAL,0,1,10,5,3,3,7,495,8.181,1
105,14,GENERAL,0,1,10,5,1,1,4,495,12.284,0
105,12,GENERAL,0,1,10,5,6,6,19,495,10.604,0
105,20,GENERAL,0,1,10,5,2,2,8,495,11.757,0
105,18,GENERAL,0,1,10,5,22,22,53,495,12.255,0
105,21,GENERAL,0,1,10,5,11,11,34,495,18.986,0
106,18,RECEIVE_TO_INBOUND,3,2,22,5,22,22,53,502,20.218,1
106,21,RECEIVE_TO_INBOUND,3,2,22,5,11,11,34,502,41.09,0
106,22,RECEIVE_TO_INBOUND,3,2,22,5,17,17,50,502,30.846,0
107,20,GENERAL,0,1,10,8,2,2,8,507,10.493,1
107,17,GENERAL,0,1,10,8,4,4,8,507,13.774,0
107,11,GENERAL,0,1,10,8,18,18,52,507,13.62,0
107,16,GENERAL,0,1,10,8,16,16,49,507,11.095,0
107,14,GENERAL,0,1,10,8,1,1,4,507,10.843,0
107,12,GENERAL,0,1,10,8,6,6,19,507,13.464,0
108,22,MOVE_BETWEEN_SLOTS,1,2,18,4,17,17,50,41,24.483,1
108,18,MOVE_BETWEEN_SLOTS,1,2,18,4,23,23,55,41,24.744,0
108,21,MOVE_BETWEEN_SLOTS,1,2,18,4,11,11,34,41,24.783,0
108,16,MOVE_BETWEEN_SLOTS,1,2,18,4,16,16,49,41,29.913,0
109,19,GENERAL,0,5,20,4,6,6,17,44,19.384,1
109,13,GENERAL,0,5,20,4,0,0,0,44,28.571,0
109,17,GENERAL,0,5,20,4,4,4,8,44,20.308,0
109,11,GENERAL,0,5,20,4,18,18,52,44,29.287,0
109,12,GENERAL,0,5,20,4,6,6,19,44,20.786,0
109,18,GENERAL,0,5,20,4,23,23,55,44,22.302,0
110,11,DISPATCH_CARGO,5,2,25,5,18,18,52,51,29.887,1
110,19,DISPATCH_CARGO,5,2,25,5,7,7,22,51,36.026,0
110,16,DISPATCH_CARGO,5,2,25,5,16,16,49,51,35.675,0
111,22,MOVE_BETWEEN_SLOTS,1,3,22,1,18,18,52,57,26.993,1
111,16,MOVE_BETWEEN_SLOTS,1,3,22,1,16,16,49,57,33.925,0
111,21,MOVE_BETWEEN_SLOTS,1,3,22,1,11,11,34,57,29.75,0
111,18,MOVE_BETWEEN_SLOTS,1,3,22,1,23,23,55,57,31.937,0
112,22,PUTAWAY_TO_RACK,1,1,22,5,19,19,55,61,32.937,1
112,16,PUTAWAY_TO_RACK,1,1,22,5,16,16,49,61,33.367,0
112,21,PUTAWAY_TO_RACK,1,1,22,5,11,11,34,61,33.67,0
112,18,PUTAWAY_TO_RACK,1,1,22,5,23,23,55,61,34.168,0
113,21,PUTAWAY_TO_RACK,3,2,27,7,11,11,34,67,39.016,1
113,18,PUTAWAY_TO_RACK,3,2,27,7,23,23,55,67,47.476,0
113,22,PUTAWAY_TO_RACK,3,2,27,7,20,20,56,67,46.935,0
113,16,PUTAWAY_TO_RACK,3,2,27,7,16,16,49,67,37.256,0
114,18,RECEIVE_TO_INBOUND,3,1,18,4,23,23,55,70,21.029,1
114,21,RECEIVE_TO_INBOUND,3,1,18,4,12,12,36,70,27.837,0
114,22,RECEIVE_TO_INBOUND,3,1,18,4,20,20,56,70,24.049,0
115,22,RECEIVE_TO_INBOUND,3,4,31,8,20,20,56,76,42.141,1
115,18,RECEIVE_TO_INBOUND,3,4,31,8,24,24,56,76,43.862,0
115,21,RECEIVE_TO_INBOUND,3,4,31,8,12,12,36,76,53.3,0
116,15,GENERAL,0,3,15,6,2,2,10,79,15.353,1
116,12,GENERAL,0,3,15,6,6,6,19,79,14.57,0
116,18,GENERAL,0,3,15,6,24,24,56,79,19.266,0
116,11,GENERAL,0,3,15,6,19,19,54,79,21.747,0
116,19,GENERAL,0,3,15,6,7,7,22,79,17.738,0
116,17,GENERAL,0,3,15,6,4,4,8,79,16.004,0
117,22,MOVE_BETWEEN_SLOTS,1,5,30,8,21,21,60,85,40.802,1
117,16,MOVE_BETWEEN_SLOTS,1,5,30,8,16,16,49,85,42.657,0
117,21,MOVE_BETWEEN_SLOTS,1,5,30,8,12,12,36,85,49.338,0
117,18,MOVE_BETWEEN_SLOTS,1,5,30,8,24,24,56,85,46.911,0
118,11,DISPATCH_CARGO,4,1,20,10,19,19,54,91,22.944,1
118,16,DISPATCH_CARGO,4,1,20,10,16,16,49,91,27.193,0
118,19,DISPATCH_CARGO,4,1,20,10,7,7,22,91,27.582,0
119,18,MOVE_BETWEEN_SLOTS,1,5,30,6,24,24,56,93,37.265,1
119,21,MOVE_BETWEEN_SLOTS,1,5,30,6,12,12,36,93,43.031,0
119,16,MOVE_BETWEEN_SLOTS,1,5,30,6,16,16,49,93,43.016,0
119,22,MOVE_BETWEEN_SLOTS,1,5,30,6,22,22,65,93,45.87,0
120,22,RECEIVE_TO_INBOUND,2,5,36,9,22,22,65,96,46.061,1
120,21,RECEIVE_TO_INBOUND,2,5,36,9,12,12,36,96,72.07,0
120,18,RECEIVE_TO_INBOUND,2,5,36,9,25,25,61,96,48.022,0
121,18,PUTAWAY_TO_RACK,2,5,44,8,25,25,61,101,53.201,1
121,21,PUTAWAY_TO_RACK,2,5,44,8,12,12,36,101,57.209,0
121,16,PUTAWAY_TO_RACK,2,5,44,8,16,16,49,101,64.603,0
121,22,PUTAWAY_TO_RACK,2,5,44,8,23,23,70,101,68.543,0
122,22,MOVE_BETWEEN_SLOTS,2,5,30,4,23,23,70,105,40.229,1
122,16,MOVE_BETWEEN_SLOTS,2,5,30,4,16,16,49,105,44.308,0
122,18,MOVE_BETWEEN_SLOTS,2,5,30,4,26,26,66,105,43.228,0
122,21,MOVE_BETWEEN_SLOTS,2,5,30,4,12,12,36,105,43.125,0
123,18,MOVE_BETWEEN_SLOTS,1,4,26,6,26,26,66,112,30.61,1
123,16,MOVE_BETWEEN_SLOTS,1,4,26,6,16,16,49,112,37.583,0
123,21,MOVE_BETWEEN_SLOTS,1,4,26,6,12,12,36,112,33.249,0
123,22,MOVE_BETWEEN_SLOTS,1,4,26,6,24,24,75,112,37.402,0
124,21,MOVE_BETWEEN_SLOTS,1,1,15,3,12,12,36,117,20.23,1
124,16,MOVE_BETWEEN_SLOTS,1,1,15,3,16,16,49,117,20.501,0
124,18,MOVE_BETWEEN_SLOTS,1,1,15,3,27,27,70,117,21.822,0
124,22,MOVE_BETWEEN_SLOTS,1,1,15,3,24,24,75,117,23.87,0
125,20,GENERAL,0,3,15,6,3,3,9,125,16.611,1
125,15,GENERAL,0,3,15,6,3,3,13,125,16.976,0
125,11,GENERAL,0,3,15,6,20,20,55,125,22.699,0
125,18,GENERAL,0,3,15,6,27,27,70,125,19.201,0
125,21,GENERAL,0,3,15,6,13,13,37,125,31.426,0
125,17,GENERAL,0,3,15,6,4,4,8,125,16.78,0
126,12,GENERAL,0,1,10,4,6,6,19,132,9.021,1
126,16,GENERAL,0,1,10,4,16,16,49,132,13.967,0
126,18,GENERAL,0,1,10,4,27,27,70,132,13.411,0
126,17,GENERAL,0,1,10,4,4,4,8,132,10.162,0
126,14,GENERAL,0,1,10,4,1,1,4,132,12.232,0
126,20,GENERAL,0,1,10,4,4,4,12,132,12.446,0
127,21,MOVE_BETWEEN_SLOTS,2,2,18,3,13,13,37,137,23.414,1
127,18,MOVE_BETWEEN_SLOTS,2,2,18,3,27,27,70,137,24.442,0
127,16,MOVE_BETWEEN_SLOTS,2,2,18,3,16,16,49,137,27.834,0
127,22,MOVE_BETWEEN_SLOTS,2,2,18,3,24,24,75,137,28.985,0
128,11,DISPATCH_CARGO,4,5,40,7,20,20,55,140,50.462,1
128,16,DISPATCH_CARGO,4,5,40,7,16,16,49,140,61.071,0
128,19,DISPATCH_CARGO,4,5,40,7,7,7,22,140,56.661,0
129,18,RECEIVE_TO_INBOUND,4,3,27,4,27,27,70,144,35.346,1
129,22,RECEIVE_TO_INBOUND,4,3,27,4,24,24,75,144,41.082,0
129,21,RECEIVE_TO_INBOUND,4,3,27,4,14,14,39,144,59.206,0
130,16,PUTAWAY_TO_RACK,1,1,22,4,16,16,49,151,30.449,1
130,22,PUTAWAY_TO_RACK,1,1,22,4,24,24,75,151,35.116,0
130,18,PUTAWAY_TO_RACK,1,1,22,4,28,28,73,151,34.429,0
130,21,PUTAWAY_TO_RACK,1,1,22,4,14,14,39,151,33.741,0
131,16,MOVE_BETWEEN_SLOTS,1,5,30,8,17,17,50,158,37.274,1
131,21,MOVE_BETWEEN_SLOTS,1,5,30,8,14,14,39,158,44.421,0
131,18,MOVE_BETWEEN_SLOTS,1,5,30,8,28,28,73,158,42.673,0
131,22,MOVE_BETWEEN_SLOTS,1,5,30,8,24,24,75,158,46.532,0
132,22,PUTAWAY_TO_RACK,1,5,44,3,24,24,75,163,66.866,1
132,21,PUTAWAY_TO_RACK,1,5,44,3,14,14,39,163,65.757,0
132,18,PUTAWAY_TO_RACK,1,5,44,3,28,28,73,163,65.197,0
132,16,PUTAWAY_TO_RACK,1,5,44,3,18,18,55,163,71.657,0
133,21,PUTAWAY_TO_RACK,3,3,33,0,14,14,39,169,51.915,1
133,18,PUTAWAY_TO_RACK,3,3,33,0,28,28,73,169,56.326,0
133,22,PUTAWAY_TO_RACK,3,3,33,0,25,25,80,169,55.933,0
133,16,PUTAWAY_TO_RACK,3,3,33,0,18,18,55,169,55.069,0
134,11,DISPATCH_CARGO,3,5,40,6,21,21,60,174,50.19,1
134,16,DISPATCH_CARGO,3,5,40,6,18,18,55,174,51.246,0
134,19,DISPATCH_CARGO,3,5,40,6,7,7,22,174,51.064,0
135,16,PUTAWAY_TO_RACK,1,5,44,7,18,18,55,178,69.176,1
135,18,PUTAWAY_TO_RACK,1,5,44,7,28,28,73,178,73.674,0
135,22,PUTAWAY_TO_RACK,1,5,44,7,25,25,80,178,84.596,0
135,21,PUTAWAY_TO_RACK,1,5,44,7,15,15,42,178,84.32,0
136,21,PUTAWAY_TO_RACK,3,2,27,10,15,15,42,180,35.416,1
136,18,PUTAWAY_TO_RACK,3,2,27,10,28,28,73,180,50.51,0
136,16,PUTAWAY_TO_RACK,3,2,27,10,19,19,60,180,36.281,0
136,22,PUTAWAY_TO_RACK,3,2,27,10,25,25,80,180,50.792,0
137,18,MOVE_BETWEEN_SLOTS,1,1,15,0,28,28,73,187,21.086,1
137,16,MOVE_BETWEEN_SLOTS,1,1,15,0,19,19,60,187,25.114,0
137,21,MOVE_BETWEEN_SLOTS,1,1,15,0,16,16,44,187,25.651,0
137,22,MOVE_BETWEEN_SLOTS,1,1,15,0,25,25,80,187,25.507,0
138,20,GENERAL,0,4,17,9,4,4,12,191,17.385,1
138,14,GENERAL,0,4,17,9,1,1,4,191,24.889,0
138,19,GENERAL,0,4,17,9,7,7,22,191,20.505,0
138,11,GENERAL,0,4,17,9,22,22,65,191,29.068,0
138,16,GENERAL,0,4,17,9,19,19,60,191,23.238,0
138,17,GENERAL,0,4,17,9,4,4,8,191,20.842,0
139,12,GENERAL,0,3,15,2,7,7,20,198,14.098,1
139,21,GENERAL,0,3,15,2,16,16,44,198,30.731,0
139,19,GENERAL,0,3,15,2,7,7,22,198,16.764,0
139,16,GENERAL,0,3,15,2,19,19,60,198,19.431,0
139,13,GENERAL,0,3,15,2,0,0,0,198,19.61,0
139,20,GENERAL,0,3,15,2,5,5,16,198,17.451,0
140,19,DISPATCH_CARGO,4,2,25,2,7,7,22,205,28.235,1
140,11,DISPATCH_CARGO,4,2,25,2,22,22,65,205,29.403,0
140,16,DISPATCH_CARGO,4,2,25,2,19,19,60,205,40.203,0
141,18,RECEIVE_TO_INBOUND,4,5,36,3,29,29,74,213,47.761,1
141,21,RECEIVE_TO_INBOUND,4,5,36,3,16,16,44,213,79.856,0
141,22,RECEIVE_TO_INBOUND,4,5,36,3,25,25,80,213,51.255,0
142,11,DISPATCH_CARGO,3,3,30,1,22,22,65,217,33.292,1
142,19,DISPATCH_CARGO,3,3,30,1,8,8,24,217,44.046,0
142,16,DISPATCH_CARGO,3,3,30,1,19,19,60,217,42.628,0
143,11,DISPATCH_CARGO,4,2,25,1,23,23,68,220,33.92,1
143,16,DISPATCH_CARGO,4,2,25,1,19,19,60,220,34.639,0
143,19,DISPATCH_CARGO,4,2,25,1,8,8,24,220,39.838,0
144,16,PUTAWAY_TO_RACK,2,5,44,5,19,19,60,227,62.771,1
144,21,PUTAWAY_TO_RACK,2,5,44,5,16,16,44,227,67.649,0
144,22,PUTAWAY_TO_RACK,2,5,44,5,25,25,80,227,81.425,0
144,18,PUTAWAY_TO_RACK,2,5,44,5,30,30,79,227,74.767,0
145,17,GENERAL,1,4,17,4,4,4,8,231,18.442,1
145,13,GENERAL,1,4,17,4,0,0,0,231,20.363,0
145,16,GENERAL,1,4,17,4,20,20,65,231,23.662,0
145,21,GENERAL,1,4,17,4,16,16,44,231,35.715,0
145,19,GENERAL,1,4,17,4,8,8,24,231,20.835,0
145,11,GENERAL,1,4,17,4,24,24,70,231,35.612,0
146,11,DISPATCH_CARGO,4,4,35,10,24,24,70,234,46.783,1
146,19,DISPATCH_CARGO,4,4,35,10,8,8,24,234,50.925,0
146,16,DISPATCH_CARGO,4,4,35,10,20,20,65,234,48.548,0
147,18,RECEIVE_TO_INBOUND,2,1,18,2,30,30,79,236,25.085,1
147,21,RECEIVE_TO_INBOUND,2,1,18,2,16,16,44,236,31.538,0
147,22,RECEIVE_TO_INBOUND,2,1,18,2,25,25,80,236,28.27,0
148,17,GENERAL,0,4,17,10,5,5,12,238,19.092,1
148,15,GENERAL,0,4,17,10,3,3,13,238,19.159,0
148,20,GENERAL,0,4,17,10,5,5,16,238,21.668,0
148,19,GENERAL,0,4,17,10,8,8,24,238,23.3,0
148,13,GENERAL,0,4,17,10,0,0,0,238,27.839,0
148,18,GENERAL,0,4,17,10,31,31,80,238,21.943,0
149,19,DISPATCH_CARGO,4,1,20,1,8,8,24,243,27.49,1
149,11,DISPATCH_CARGO,4,1,20,1,25,25,74,243,29.773,0
149,16,DISPATCH_CARGO,4,1,20,1,20,20,65,243,29.29,0
150,18,RECEIVE_TO_INBOUND,4,4,31,2,31,31,80,250,45.775,1
150,22,RECEIVE_TO_INBOUND,4,4,31,2,25,25,80,250,48.692,0
150,21,RECEIVE_TO_INBOUND,4,4,31,2,16,16,44,250,59.379,0
151,16,DISPATCH_CARGO,3,3,30,7,20,20,65,252,39.993,1
151,11,DISPATCH_CARGO,3,3,30,7,25,25,74,252,46.956,0
151,19,DISPATCH_CARGO,3,3,30,7,9,9,25,252,42.928,0
152,18,RECEIVE_TO_INBOUND,2,3,27,2,32,32,84,256,40.884,1
152,22,RECEIVE_TO_INBOUND,2,3,27,2,25,25,80,256,44.774,0
152,21,RECEIVE_TO_INBOUND,2,3,27,2,16,16,44,256,58.092,0
153,18,RECEIVE_TO_INBOUND,3,3,27,2,33,33,87,264,31.596,1
153,21,RECEIVE_TO_INBOUND,3,3,27,2,16,16,44,264,52.242,0
153,22,RECEIVE_TO_INBOUND,3,3,27,2,25,25,80,264,42.008,0
154,20,GENERAL,0,3,15,6,5,5,16,272,16.62,1
154,19,GENERAL,0,3,15,6,9,9,25,272,17.894,0
154,17,GENERAL,0,3,15,6,6,6,16,272,16.976,0
154,16,GENERAL,0,3,15,6,21,21,68,272,19.763,0
154,13,GENERAL,0,3,15,6,0,0,0,272,21.229,0
154,15,GENERAL,0,3,15,6,3,3,13,272,17.379,0
155,18,RECEIVE_TO_INBOUND,3,3,27,5,34,34,90,275,35.535,1
155,21,RECEIVE_TO_INBOUND,3,3,27,5,16,16,44,275,48.888,0
155,22,RECEIVE_TO_INBOUND,3,3,27,5,25,25,80,275,43.009,0
156,18,RECEIVE_TO_INBOUND,3,1,18,8,35,35,93,279,20.316,1
156,22,RECEIVE_TO_INBOUND,3,1,18,8,25,25,80,279,26.881,0
156,21,RECEIVE_TO_INBOUND,3,1,18,8,16,16,44,279,37.97,0
157,18,RECEIVE_TO_INBOUND,2,1,18,6,36,36,94,285,23.757,1
157,22,RECEIVE_TO_INBOUND,2,1,18,6,25,25,80,285,26.899,0
157,21,RECEIVE_TO_INBOUND,2,1,18,6,16,16,44,285,35.517,0
158,11,DISPATCH_CARGO,3,4,35,6,25,25,74,287,47.212,1
158,19,DISPATCH_CARGO,3,4,35,6,9,9,25,287,51.934,0
158,16,DISPATCH_CARGO,3,4,35,6,21,21,68,287,48.013,0
159,22,MOVE_BETWEEN_SLOTS,1,3,22,5,25,25,80,290,30.472,1
159,16,MOVE_BETWEEN_SLOTS,1,3,22,5,21,21,68,290,36.119,0
159,21,MOVE_BETWEEN_SLOTS,1,3,22,5,16,16,44,290,33.364,0
159,18,MOVE_BETWEEN_SLOTS,1,3,22,5,37,37,95,290,30.826,0
160,12,GENERAL,0,5,20,3,8,8,23,294,20.949,1
160,20,GENERAL,0,5,20,3,6,6,19,294,21.686,0
160,11,GENERAL,0,5,20,3,26,26,78,294,36.149,0
160,14,GENERAL,0,5,20,3,1,1,4,294,25.91,0
160,15,GENERAL,0,5,20,3,3,3,13,294,22.141,0
160,17,GENERAL,0,5,20,3,6,6,16,294,22.756,0
161,22,MOVE_BETWEEN_SLOTS,1,4,26,0,26,26,83,299,35.267,1
161,21,MOVE_BETWEEN_SLOTS,1,4,26,0,16,16,44,299,41.505,0
161,16,MOVE_BETWEEN_SLOTS,1,4,26,0,21,21,68,299,38.563,0
161,18,MOVE_BETWEEN_SLOTS,1,4,26,0,37,37,95,299,39.914,0
162,19,DISPATCH_CARGO,3,3,30,2,9,9,25,306,36.575,1
162,11,DISPATCH_CARGO,3,3,30,2,26,26,78,306,38.867,0
162,16,DISPATCH_CARGO,3,3,30,2,21,21,68,306,48.527,0
163,18,PUTAWAY_TO_RACK,2,3,33,8,37,37,95,313,46.679,1
163,16,PUTAWAY_TO_RACK,2,3,33,8,21,21,68,313,49.726,0
163,21,PUTAWAY_TO_RACK,2,3,33,8,16,16,44,313,63.641,0
163,22,PUTAWAY_TO_RACK,2,3,33,8,27,27,87,313,64.004,0
164,12,GENERAL,0,1,10,6,9,9,28,319,9.631,1
164,22,GENERAL,0,1,10,6,27,27,87,319,20.48,0
164,15,GENERAL,0,1,10,6,3,3,13,319,11.548,0
164,16,GENERAL,0,1,10,6,21,21,68,319,14.89,0
164,21,GENERAL,0,1,10,6,16,16,44,319,19.208,0
164,18,GENERAL,0,1,10,6,38,38,98,319,12.221,0
165,11,DISPATCH_CARGO,4,4,35,2,26,26,78,321,47.505,1
165,19,DISPATCH_CARGO,4,4,35,2,10,10,28,321,53.467,0
165,16,DISPATCH_CARGO,4,4,35,2,21,21,68,321,54.206,0
166,18,MOVE_BETWEEN_SLOTS,1,4,26,4,38,38,98,325,34.316,1
166,22,MOVE_BETWEEN_SLOTS,1,4,26,4,27,27,87,325,42.534,0
166,21,MOVE_BETWEEN_SLOTS,1,4,26,4,16,16,44,325,38.496,0
166,16,MOVE_BETWEEN_SLOTS,1,4,26,4,21,21,68,325,44.395,0
167,18,RECEIVE_TO_INBOUND,2,3,27,8,39,39,102,327,37.494,1
167,21,RECEIVE_TO_INBOUND,2,3,27,8,16,16,44,327,53.292,0
167,22,RECEIVE_TO_INBOUND,2,3,27,8,27,27,87,327,37.559,0
168,18,MOVE_BETWEEN_SLOTS,2,5,30,6,40,40,105,330,41.689,1
168,22,MOVE_BETWEEN_SLOTS,2,5,30,6,27,27,87,330,45.268,0
168,21,MOVE_BETWEEN_SLOTS,2,5,30,6,16,16,44,330,42.553,0
168,16,MOVE_BETWEEN_SLOTS,2,5,30,6,21,21,68,330,51.001,0
169,11,DISPATCH_CARGO,5,5,40,9,27,27,82,332,49.593,1
169,16,DISPATCH_CARGO,5,5,40,9,21,21,68,332,65.954,0
169,19,DISPATCH_CARGO,5,5,40,9,10,10,28,332,59.44,0
170,18,MOVE_BETWEEN_SLOTS,1,3,22,6,41,41,110,334,29.832,1
170,16,MOVE_BETWEEN_SLOTS,1,3,22,6,21,21,68,334,40.873,0
170,21,MOVE_BETWEEN_SLOTS,1,3,22,6,16,16,44,334,33.871,0
170,22,MOVE_BETWEEN_SLOTS,1,3,22,6,27,27,87,334,35.106,0
171,18,MOVE_BETWEEN_SLOTS,2,3,22,10,42,42,113,340,28.297,1
171,16,MOVE_BETWEEN_SLOTS,2,3,22,10,21,21,68,340,33.521,0
171,21,MOVE_BETWEEN_SLOTS,2,3,22,10,16,16,44,340,30.037,0
171,22,MOVE_BETWEEN_SLOTS,2,3,22,10,27,27,87,340,32.398,0
172,22,PUTAWAY_TO_RACK,1,3,33,2,27,27,87,343,52.887,1
172,18,PUTAWAY_TO_RACK,1,3,33,2,43,43,116,343,56.858,0
172,16,PUTAWAY_TO_RACK,1,3,33,2,21,21,68,343,47.977,0
172,21,PUTAWAY_TO_RACK,1,3,33,2,16,16,44,343,58.083,0
173,15,GENERAL,1,2,12,7,3,3,13,348,12.507,1
173,14,GENERAL,1,2,12,7,1,1,4,348,15.902,0
173,16,GENERAL,1,2,12,7,21,21,68,348,20.27,0
173,19,GENERAL,1,2,12,7,10,10,28,348,15.556,0
173,22,GENERAL,1,2,12,7,28,28,90,348,26.846,0
173,13,GENERAL,1,2,12,7,0,0,0,348,17.973,0
174,16,PUTAWAY_TO_RACK,3,4,38,8,21,21,68,353,55.815,1
174,22,PUTAWAY_TO_RACK,3,4,38,8,28,28,90,353,74.298,0
174,18,PUTAWAY_TO_RACK,3,4,38,8,43,43,116,353,60.804,0
174,21,PUTAWAY_TO_RACK,3,4,38,8,16,16,44,353,60.187,0
175,20,GENERAL,1,2,12,5,6,6,19,361,11.953,1
175,17,GENERAL,1,2,12,5,6,6,16,361,15.215,0
175,12,GENERAL,1,2,12,5,10,10,29,361,16.049,0
175,16,GENERAL,1,2,12,5,22,22,72,361,19.852,0
175,15,GENERAL,1,2,12,5,4,4,15,361,13.218,0
175,19,GENERAL,1,2,12,5,10,10,28,361,17.334,0
176,17,GENERAL,0,3,15,2,6,6,16,369,14.956,1
176,12,GENERAL,0,3,15,2,10,10,29,369,16.23,0
176,21,GENERAL,0,3,15,2,16,16,44,369,29.996,0
176,11,GENERAL,0,3,15,2,28,28,87,369,24.712,0
176,22,GENERAL,0,3,15,2,28,28,90,369,41.182,0
176,18,GENERAL,0,3,15,2,43,43,116,369,18.831,0
177,16,DISPATCH_CARGO,3,4,35,4,22,22,72,372,48.415,1
177,11,DISPATCH_CARGO,3,4,35,4,28,28,87,372,42.12,0
177,19,DISPATCH_CARGO,3,4,35,4,10,10,28,372,44.017,0
178,11,DISPATCH_CARGO,4,4,35,10,28,28,87,379,41.251,1
178,16,DISPATCH_CARGO,4,4,35,10,23,23,76,379,50.985,0
178,19,DISPATCH_CARGO,4,4,35,10,10,10,28,379,51.188,0
179,18,RECEIVE_TO_INBOUND,4,5,36,5,43,43,116,386,45.211,1
179,22,RECEIVE_TO_INBOUND,4,5,36,5,28,28,90,386,56.675,0
179,21,RECEIVE_TO_INBOUND,4,5,36,5,16,16,44,386,73.829,0
180,18,MOVE_BETWEEN_SLOTS,1,5,30,7,44,44,121,394,40.748,1
180,16,MOVE_BETWEEN_SLOTS,1,5,30,7,23,23,76,394,45.844,0
180,22,MOVE_BETWEEN_SLOTS,1,5,30,7,28,28,90,394,48.439,0
180,21,MOVE_BETWEEN_SLOTS,1,5,30,7,16,16,44,394,41.439,0
181,11,DISPATCH_CARGO,3,4,35,2,29,29,91,396,52.037,1
181,16,DISPATCH_CARGO,3,4,35,2,23,23,76,396,55.144,0
181,19,DISPATCH_CARGO,3,4,35,2,10,10,28,396,58.964,0
182,18,RECEIVE_TO_INBOUND,3,3,27,6,45,45,126,404,34.755,1
182,22,RECEIVE_TO_INBOUND,3,3,27,6,28,28,90,404,41.544,0
182,21,RECEIVE_TO_INBOUND,3,3,27,6,16,16,44,404,60.039,0
183,21,PUTAWAY_TO_RACK,1,4,38,7,16,16,44,411,58.349,1
183,22,PUTAWAY_TO_RACK,1,4,38,7,28,28,90,411,67.709,0
183,18,PUTAWAY_TO_RACK,1,4,38,7,46,46,129,411,62.935,0
183,16,PUTAWAY_TO_RACK,1,4,38,7,23,23,76,411,61.98,0
184,22,RECEIVE_TO_INBOUND,3,4,31,2,28,28,90,413,51.403,1
184,21,RECEIVE_TO_INBOUND,3,4,31,2,17,17,48,413,65.329,0
184,18,RECEIVE_TO_INBOUND,3,4,31,2,46,46,129,413,38.414,0
185,21,PUTAWAY_TO_RACK,1,1,22,9,17,17,48,418,34.431,1
185,16,PUTAWAY_TO_RACK,1,1,22,9,23,23,76,418,38.189,0
185,18,PUTAWAY_TO_RACK,1,1,22,9,46,46,129,418,34.762,0
185,22,PUTAWAY_TO_RACK,1,1,22,9,29,29,94,418,37.188,0
186,22,RECEIVE_TO_INBOUND,3,1,18,5,29,29,94,425,23.371,1
186,21,RECEIVE_TO_INBOUND,3,1,18,5,18,18,49,425,37.83,0
186,18,RECEIVE_TO_INBOUND,3,1,18,5,46,46,129,425,24.318,0
187,16,PUTAWAY_TO_RACK,1,3,33,10,23,23,76,433,53.249,1
187,22,PUTAWAY_TO_RACK,1,3,33,10,30,30,95,433,53.962,0
187,18,PUTAWAY_TO_RACK,1,3,33,10,46,46,129,433,60.009,0
187,21,PUTAWAY_TO_RACK,1,3,33,10,18,18,49,433,53.695,0
188,16,DISPATCH_CARGO,3,3,30,9,24,24,79,437,41.6,1
188,19,DISPATCH_CARGO,3,3,30,9,10,10,28,437,43.231,0
188,11,DISPATCH_CARGO,3,3,30,9,30,30,95,437,42.363,0
189,18,MOVE_BETWEEN_SLOTS,1,3,22,1,46,46,129,439,28.066,1
189,21,MOVE_BETWEEN_SLOTS,1,3,22,1,18,18,49,439,38.133,0
189,22,MOVE_BETWEEN_SLOTS,1,3,22,1,30,30,95,439,30.086,0
189,16,MOVE_BETWEEN_SLOTS,1,3,22,1,25,25,82,439,41.949,0
190,18,RECEIVE_TO_INBOUND,3,3,27,4,47,47,132,441,36.596,1
190,22,RECEIVE_TO_INBOUND,3,3,27,4,30,30,95,441,39.521,0
190,21,RECEIVE_TO_INBOUND,3,3,27,4,18,18,49,441,58.204,0
191,11,DISPATCH_CARGO,3,4,35,2,30,30,95,448,44.959,1
191,19,DISPATCH_CARGO,3,4,35,2,10,10,28,448,51.134,0
191,16,DISPATCH_CARGO,3,4,35,2,25,25,82,448,52.947,0
192,11,DISPATCH_CARGO,3,5,40,0,31,31,99,454,56.342,1
192,16,DISPATCH_CARGO,3,5,40,0,25,25,82,454,63.467,0
192,19,DISPATCH_CARGO,3,5,40,0,10,10,28,454,61.911,0
193,11,DISPATCH_CARGO,5,1,20,2,32,32,104,457,26.859,1
193,16,DISPATCH_CARGO,5,1,20,2,25,25,82,457,32.199,0
193,19,DISPATCH_CARGO,5,1,20,2,10,10,28,457,26.978,0
194,16,PUTAWAY_TO_RACK,2,4,38,1,25,25,82,464,57.742,1
194,22,PUTAWAY_TO_RACK,2,4,38,1,30,30,95,464,66.698,0
194,21,PUTAWAY_TO_RACK,2,4,38,1,18,18,49,464,62.115,0
194,18,PUTAWAY_TO_RACK,2,4,38,1,48,48,135,464,54.421,0
195,11,DISPATCH_CARGO,3,3,30,7,33,33,105,472,39.175,1
195,16,DISPATCH_CARGO,3,3,30,7,26,26,86,472,48.289,0
195,19,DISPATCH_CARGO,3,3,30,7,10,10,28,472,52.32,0
196,18,RECEIVE_TO_INBOUND,3,4,31,8,48,48,135,478,39.055,1
196,21,RECEIVE_TO_INBOUND,3,4,31,8,18,18,49,478,69.093,0
196,22,RECEIVE_TO_INBOUND,3,4,31,8,30,30,95,478,49.607,0
197,18,RECEIVE_TO_INBOUND,2,2,22,0,49,49,139,480,30.933,1
197,22,RECEIVE_TO_INBOUND,2,2,22,0,30,30,95,480,33.159,0
197,21,RECEIVE_TO_INBOUND,2,2,22,0,18,18,49,480,43.557,0
198,16,PUTAWAY_TO_RACK,2,3,33,10,26,26,86,486,48.989,1
198,18,PUTAWAY_TO_RACK,2,3,33,10,50,50,141,486,57.61,0
198,22,PUTAWAY_TO_RACK,2,3,33,10,30,30,95,486,59.52,0
198,21,PUTAWAY_TO_RACK,2,3,33,10,18,18,49,486,54.103,0
199,15,GENERAL,1,1,10,3,4,4,15,488,10.799,1
199,17,GENERAL,1,1,10,3,7,7,19,488,13.154,0
199,13,GENERAL,1,1,10,3,0,0,0,488,13.267,0
199,14,GENERAL,1,1,10,3,1,1,4,488,13.807,0
199,22,GENERAL,1,1,10,3,30,30,95,488,21.132,0
199,12,GENERAL,1,1,10,3,10,10,29,488,11.889,0
200,18,MOVE_BETWEEN_SLOTS,2,1,15,0,50,50,141,495,18.944,1
200,22,MOVE_BETWEEN_SLOTS,2,1,15,0,30,30,95,495,23.316,0
200,21,MOVE_BETWEEN_SLOTS,2,1,15,0,18,18,49,495,24.92,0
200,16,MOVE_BETWEEN_SLOTS,2,1,15,0,27,27,89,495,27.87,0
201,18,RECEIVE_TO_INBOUND,3,1,18,9,51,51,142,498,25.083,1
201,21,RECEIVE_TO_INBOUND,3,1,18,9,18,18,49,498,35.567,0
201,22,RECEIVE_TO_INBOUND,3,1,18,9,30,30,95,498,25.55,0
202,11,DISPATCH_CARGO,3,1,20,5,34,34,108,500,25.403,1
202,16,DISPATCH_CARGO,3,1,20,5,27,27,89,500,26.562,0
202,19,DISPATCH_CARGO,3,1,20,5,10,10,28,500,31.021,0
203,18,MOVE_BETWEEN_SLOTS,2,3,22,1,52,52,143,508,32.734,1
203,21,MOVE_BETWEEN_SLOTS,2,3,22,1,18,18,49,508,36.087,0
203,16,MOVE_BETWEEN_SLOTS,2,3,22,1,27,27,89,508,38.715,0
203,22,MOVE_BETWEEN_SLOTS,2,3,22,1,30,30,95,508,37.396,0
204,19,DISPATCH_CARGO,4,1,20,10,10,10,28,80,28.024,1
204,16,DISPATCH_CARGO,4,1,20,10,27,27,89,80,32.377,0
204,11,DISPATCH_CARGO,4,1,20,10,35,35,109,80,28.88,0
205,22,PUTAWAY_TO_RACK,2,3,33,2,30,30,95,84,54.264,1
205,21,PUTAWAY_TO_RACK,2,3,33,2,18,18,49,84,56.116,0
205,16,PUTAWAY_TO_RACK,2,3,33,2,27,27,89,84,58.298,0
205,18,PUTAWAY_TO_RACK,2,3,33,2,53,53,146,84,56.887,0
206,15,GENERAL,0,5,20,1,5,5,16,86,22.368,1
206,19,GENERAL,0,5,20,1,11,11,29,86,26.661,0
206,21,GENERAL,0,5,20,1,18,18,49,86,46.081,0
206,22,GENERAL,0,5,20,1,31,31,98,86,46.466,0
206,17,GENERAL,0,5,20,1,7,7,19,86,26.289,0
206,13,GENERAL,0,5,20,1,0,0,0,86,27.957,0
207,21,PUTAWAY_TO_RACK,3,5,44,2,18,18,49,88,67.217,1
207,16,PUTAWAY_TO_RACK,3,5,44,2,27,27,89,88,72.487,0
207,22,PUTAWAY_TO_RACK,3,5,44,2,31,31,98,88,86.074,0
207,18,PUTAWAY_TO_RACK,3,5,44,2,53,53,146,88,74.704,0
208,21,PUTAWAY_TO_RACK,2,1,22,6,19,19,54,92,34.155,1
208,16,PUTAWAY_TO_RACK,2,1,22,6,27,27,89,92,37.534,0
208,18,PUTAWAY_TO_RACK,2,1,22,6,53,53,146,92,34.05,0
208,22,PUTAWAY_TO_RACK,2,1,22,6,31,31,98,92,41.055,0
209,12,GENERAL,1,1,10,5,10,10,29,95,11.631,1
209,20,GENERAL,1,1,10,5,7,7,21,95,12.552,0
209,14,GENERAL,1,1,10,5,1,1,4,95,10.931,0
209,22,GENERAL,1,1,10,5,31,31,98,95,25.018,0
209,16,GENERAL,1,1,10,5,27,27,89,95,16.638,0
209,19,GENERAL,1,1,10,5,11,11,29,95,13.079,0
210,18,PUTAWAY_TO_RACK,3,5,44,5,53,53,146,103,65.428,1
210,21,PUTAWAY_TO_RACK,3,5,44,5,20,20,55,103,84.376,0
210,22,PUTAWAY_TO_RACK,3,5,44,5,31,31,98,103,79.062,0
210,16,PUTAWAY_TO_RACK,3,5,44,5,27,27,89,103,67.215,0
211,12,GENERAL,0,5,20,2,11,11,30,109,22.329,1
211,19,GENERAL,0,5,20,2,11,11,29,109,25.388,0
211,22,GENERAL,0,5,20,2,31,31,98,109,44.938,0
211,21,GENERAL,0,5,20,2,20,20,55,109,47.19,0
211,16,GENERAL,0,5,20,2,27,27,89,109,28.677,0
211,14,GENERAL,0,5,20,2,1,1,4,109,27.938,0
212,18,RECEIVE_TO_INBOUND,4,3,27,6,54,54,151,113,34.904,1
212,22,RECEIVE_TO_INBOUND,4,3,27,6,31,31,98,113,37.783,0
212,21,RECEIVE_TO_INBOUND,4,3,27,6,20,20,55,113,55.202,0
213,22,MOVE_BETWEEN_SLOTS,1,2,18,2,31,31,98,121,29.183,1
213,16,MOVE_BETWEEN_SLOTS,1,2,18,2,27,27,89,121,32.982,0
213,21,MOVE_BETWEEN_SLOTS,1,2,18,2,20,20,55,121,30.95,0
213,18,MOVE_BETWEEN_SLOTS,1,2,18,2,55,55,154,121,29.234,0
214,14,GENERAL,0,1,10,10,1,1,4,128,11.855,1
214,17,GENERAL,0,1,10,10,7,7,19,128,13.535,0
214,21,GENERAL,0,1,10,10,20,20,55,128,24.181,0
214,22,GENERAL,0,1,10,10,32,32,100,128,25.798,0
214,19,GENERAL,0,1,10,10,11,11,29,128,12.884,0
214,20,GENERAL,0,1,10,10,7,7,21,128,15.769,0
215,18,RECEIVE_TO_INBOUND,4,1,18,8,55,55,154,135,21.482,1
215,21,RECEIVE_TO_INBOUND,4,1,18,8,20,20,55,135,40.479,0
215,22,RECEIVE_TO_INBOUND,4,1,18,8,32,32,100,135,27.25,0
216,11,DISPATCH_CARGO,4,5,40,0,35,35,109,140,58.764,1
216,19,DISPATCH_CARGO,4,5,40,0,11,11,29,140,60.228,0
216,16,DISPATCH_CARGO,4,5,40,0,27,27,89,140,66.613,0
217,18,RECEIVE_TO_INBOUND,3,1,18,5,56,56,155,144,24.15,1
217,22,RECEIVE_TO_INBOUND,3,1,18,5,32,32,100,144,25.867,0
217,21,RECEIVE_TO_INBOUND,3,1,18,5,20,20,55,144,41.91,0
218,22,RECEIVE_TO_INBOUND,3,4,31,3,32,32,100,150,43.347,1
218,18,RECEIVE_TO_INBOUND,3,4,31,3,57,57,156,150,36.665,0
218,21,RECEIVE_TO_INBOUND,3,4,31,3,20,20,55,150,64.09,0
219,22,MOVE_BETWEEN_SLOTS,1,3,22,1,33,33,104,155,32.062,1
219,21,MOVE_BETWEEN_SLOTS,1,3,22,1,20,20,55,155,32.837,0
219,18,MOVE_BETWEEN_SLOTS,1,3,22,1,57,57,156,155,33.181,0
219,16,MOVE_BETWEEN_SLOTS,1,3,22,1,27,27,89,155,41.444,0
220,22,PUTAWAY_TO_RACK,1,1,22,7,34,34,107,159,37.952,1
220,21,PUTAWAY_TO_RACK,1,1,22,7,20,20,55,159,41.01,0
220,16,PUTAWAY_TO_RACK,1,1,22,7,27,27,89,159,37.833,0
220,18,PUTAWAY_TO_RACK,1,1,22,7,57,57,156,159,40.059,0
221,15,GENERAL,0,4,17,9,6,6,21,166,19.687,1
221,22,GENERAL,0,4,17,9,35,35,108,166,42.111,0
221,12,GENERAL,0,4,17,9,12,12,35,166,22.17,0
221,16,GENERAL,0,4,17,9,27,27,89,166,27.567,0
221,14,GENERAL,0,4,17,9,2,2,5,166,22.08,0
221,17,GENERAL,0,4,17,9,7,7,19,166,23.024,0
222,18,RECEIVE_TO_INBOUND,2,4,31,7,57,57,156,169,33.74,1
222,21,RECEIVE_TO_INBOUND,2,4,31,7,20,20,55,169,68.514,0
222,22,RECEIVE_TO_INBOUND,2,4,31,7,35,35,108,169,47.506,0
223,16,PUTAWAY_TO_RACK,2,2,27,9,27,27,89,172,40.644,1
223,21,PUTAWAY_TO_RACK,2,2,27,9,20,20,55,172,47.447,0
223,18,PUTAWAY_TO_RACK,2,2,27,9,58,58,160,172,46.521,0
223,22,PUTAWAY_TO_RACK,2,2,27,9,35,35,108,172,47.012,0
224,18,RECEIVE_TO_INBOUND,4,4,31,0,58,58,160,176,38.742,1
224,22,RECEIVE_TO_INBOUND,4,4,31,0,35,35,108,176,43.468,0
224,21,RECEIVE_TO_INBOUND,4,4,31,0,20,20,55,176,58.416,0
225,18,RECEIVE_TO_INBOUND,3,4,31,1,59,59,164,184,43.331,1
225,22,RECEIVE_TO_INBOUND,3,4,31,1,35,35,108,184,46.244,0
225,21,RECEIVE_TO_INBOUND,3,4,31,1,20,20,55,184,74.539,0
226,18,GENERAL,1,3,15,5,60,60,168,192,17.422,1
226,15,GENERAL,1,3,15,5,7,7,25,192,17.644,0
226,22,GENERAL,1,3,15,5,35,35,108,192,36.803,0
226,13,GENERAL,1,3,15,5,0,0,0,192,22.928,0
226,19,GENERAL,1,3,15,5,11,11,29,192,17.447,0
226,14,GENERAL,1,3,15,5,2,2,5,192,17.005,0
227,19,DISPATCH_CARGO,4,3,30,6,11,11,29,194,39.241,1
227,11,DISPATCH_CARGO,4,3,30,6,36,36,114,194,37.657,0
227,16,DISPATCH_CARGO,4,3,30,6,28,28,91,194,48.445,0
228,12,GENERAL,0,3,15,3,12,12,35,201,17.9,1
228,15,GENERAL,0,3,15,3,7,7,25,201,20.26,0
228,13,GENERAL,0,3,15,3,0,0,0,201,19.809,0
228,14,GENERAL,0,3,15,3,2,2,5,201,20.146,0
228,17,GENERAL,0,3,15,3,7,7,19,201,18.994,0
228,22,GENERAL,0,3,15,3,35,35,108,201,32.052,0
229,12,GENERAL,0,4,17,10,13,13,38,205,20.963,1
229,18,GENERAL,0,4,17,10,61,61,171,205,21.634,0
229,15,GENERAL,0,4,17,10,7,7,25,205,22.127,0
229,16,GENERAL,0,4,17,10,28,28,91,205,25.522,0
229,22,GENERAL,0,4,17,10,35,35,108,205,35.074,0
229,20,GENERAL,0,4,17,10,7,7,21,205,22.595,0
230,15,GENERAL,0,1,10,0,7,7,25,208,11.605,1
230,16,GENERAL,0,1,10,0,28,28,91,208,14.386,0
230,13,GENERAL,0,1,10,0,0,0,0,208,12.717,0
230,14,GENERAL,0,1,10,0,2,2,5,208,14.766,0
230,18,GENERAL,0,1,10,0,61,61,171,208,13.412,0
230,17,GENERAL,0,1,10,0,7,7,19,208,11.826,0
231,22,MOVE_BETWEEN_SLOTS,1,3,22,9,35,35,108,214,31.611,1
231,18,MOVE_BETWEEN_SLOTS,1,3,22,9,61,61,171,214,35.735,0
231,21,MOVE_BETWEEN_SLOTS,1,3,22,9,20,20,55,214,37.918,0
231,16,MOVE_BETWEEN_SLOTS,1,3,22,9,28,28,91,214,38.541,0
232,16,PUTAWAY_TO_RACK,3,1,22,3,28,28,91,219,38.99,1
232,18,PUTAWAY_TO_RACK,3,1,22,3,61,61,171,219,36.056,0
232,21,PUTAWAY_TO_RACK,3,1,22,3,20,20,55,219,35.032,0
232,22,PUTAWAY_TO_RACK,3,1,22,3,36,36,111,219,39.946,0
233,14,GENERAL,0,4,17,3,2,2,5,223,18.622,1
233,22,GENERAL,0,4,17,3,36,36,111,223,43.782,0
233,20,GENERAL,0,4,17,3,7,7,21,223,19.646,0
233,12,GENERAL,0,4,17,3,14,14,42,223,21.748,0
233,13,GENERAL,0,4,17,3,0,0,0,223,26.078,0
233,21,GENERAL,0,4,17,3,20,20,55,223,41.033,0
234,11,DISPATCH_CARGO,3,1,20,0,36,36,114,227,25.999,1
234,16,DISPATCH_CARGO,3,1,20,0,29,29,92,227,33.071,0
234,19,DISPATCH_CARGO,3,1,20,0,12,12,32,227,32.638,0
235,18,PUTAWAY_TO_RACK,2,2,27,2,61,61,171,235,41.172,1
235,22,PUTAWAY_TO_RACK,2,2,27,2,36,36,111,235,51.608,0
235,16,PUTAWAY_TO_RACK,2,2,27,2,29,29,92,235,49.685,0
235,21,PUTAWAY_TO_RACK,2,2,27,2,20,20,55,235,49.683,0
236,18,MOVE_BETWEEN_SLOTS,1,2,18,2,62,62,173,243,26.316,1
236,21,MOVE_BETWEEN_SLOTS,1,2,18,2,20,20,55,243,29.846,0
236,16,MOVE_BETWEEN_SLOTS,1,2,18,2,29,29,92,243,30.816,0
236,22,MOVE_BETWEEN_SLOTS,1,2,18,2,36,36,111,243,26.954,0
237,12,GENERAL,1,4,17,5,14,14,42,248,18.172,1
237,16,GENERAL,1,4,17,5,29,29,92,248,27.595,0
237,20,GENERAL,1,4,17,5,7,7,21,248,23.081,0
237,11,GENERAL,1,4,17,5,37,37,115,248,34.708,0
237,22,GENERAL,1,4,17,5,36,36,111,248,37.469,0
237,18,GENERAL,1,4,17,5,63,63,175,248,23.881,0
238,12,GENERAL,0,5,20,9,15,15,46,252,22.713,1
238,21,GENERAL,0,5,20,9,20,20,55,252,44.042,0
238,14,GENERAL,0,5,20,9,3,3,9,252,29.898,0
238,13,GENERAL,0,5,20,9,0,0,0,252,28.739,0
238,15,GENERAL,0,5,20,9,8,8,26,252,30.09,0
238,22,GENERAL,0,5,20,9,36,36,111,252,46.747,0
239,22,RECEIVE_TO_INBOUND,2,1,18,4,36,36,111,258,24.145,1
239,21,RECEIVE_TO_INBOUND,2,1,18,4,20,20,55,258,38.035,0
239,18,RECEIVE_TO_INBOUND,2,1,18,4,63,63,175,258,28.603,0
240,21,PUTAWAY_TO_RACK,2,1,22,1,20,20,55,263,33.465,1
240,18,PUTAWAY_TO_RACK,2,1,22,1,63,63,175,263,36.727,0
240,16,PUTAWAY_TO_RACK,2,1,22,1,29,29,92,263,35.523,0
240,22,PUTAWAY_TO_RACK,2,1,22,1,37,37,112,263,37.906,0
241,22,MOVE_BETWEEN_SLOTS,0,1,15,6,37,37,112,269,18.732,1
241,16,MOVE_BETWEEN_SLOTS,0,1,15,6,29,29,92,269,23.081,0
241,21,MOVE_BETWEEN_SLOTS,0,1,15,6,21,21,56,269,25.112,0
241,18,MOVE_BETWEEN_SLOTS,0,1,15,6,63,63,175,269,21.195,0
242,17,GENERAL,0,4,17,3,7,7,19,273,20.028,1
242,22,GENERAL,0,4,17,3,38,38,113,273,41.734,0
242,14,GENERAL,0,4,17,3,3,3,9,273,22.493,0
242,13,GENERAL,0,4,17,3,0,0,0,273,23.994,0
242,20,GENERAL,0,4,17,3,7,7,21,273,21.519,0
242,19,GENERAL,0,4,17,3,12,12,32,273,25.664,0
243,16,DISPATCH_CARGO,3,1,20,5,29,29,92,278,28.338,1
243,11,DISPATCH_CARGO,3,1,20,5,37,37,115,278,30.16,0
243,19,DISPATCH_CARGO,3,1,20,5,12,12,32,278,31.3,0
244,18,RECEIVE_TO_INBOUND,3,3,27,6,63,63,175,283,35.013,1
244,22,RECEIVE_TO_INBOUND,3,3,27,6,38,38,113,283,42.146,0
244,21,RECEIVE_TO_INBOUND,3,3,27,6,21,21,56,283,61.951,0
245,16,DISPATCH_CARGO,3,2,25,9,30,30,93,290,44.867,1
245,11,DISPATCH_CARGO,3,2,25,9,37,37,115,290,37.246,0
245,19,DISPATCH_CARGO,3,2,25,9,12,12,32,290,43.237,0
246,21,PUTAWAY_TO_RACK,3,5,44,7,21,21,56,297,68.389,1
246,22,PUTAWAY_TO_RACK,3,5,44,7,38,38,113,297,85.137,0
246,18,PUTAWAY_TO_RACK,3,5,44,7,64,64,178,297,73.631,0
246,16,PUTAWAY_TO_RACK,3,5,44,7,31,31,95,297,72.118,0
247,11,DISPATCH_CARGO,3,1,20,8,37,37,115,302,23.987,1
247,16,DISPATCH_CARGO,3,1,20,8,31,31,95,302,32.605,0
247,19,DISPATCH_CARGO,3,1,20,8,12,12,32,302,32.071,0
248,21,MOVE_BETWEEN_SLOTS,0,5,30,8,22,22,61,310,43.986,1
248,22,MOVE_BETWEEN_SLOTS,0,5,30,8,38,38,113,310,44.594,0
248,16,MOVE_BETWEEN_SLOTS,0,5,30,8,31,31,95,310,45.751,0
248,18,MOVE_BETWEEN_SLOTS,0,5,30,8,64,64,178,310,44.557,0
249,18,PUTAWAY_TO_RACK,3,5,44,0,64,64,178,316,62.838,1
249,21,PUTAWAY_TO_RACK,3,5,44,0,23,23,66,316,86.099,0
249,16,PUTAWAY_TO_RACK,3,5,44,0,31,31,95,316,80.507,0
249,22,PUTAWAY_TO_RACK,3,5,44,0,38,38,113,316,80.149,0
250,11,DISPATCH_CARGO,3,2,25,7,38,38,116,322,29.508,1
250,16,DISPATCH_CARGO,3,2,25,7,31,31,95,322,42.462,0
250,19,DISPATCH_CARGO,3,2,25,7,12,12,32,322,31.891,0
251,18,RECEIVE_TO_INBOUND,4,4,31,9,65,65,183,329,42.799,1
251,22,RECEIVE_TO_INBOUND,4,4,31,9,38,38,113,329,46.82,0
251,21,RECEIVE_TO_INBOUND,4,4,31,9,23,23,66,329,79.671,0
252,17,GENERAL,0,5,20,0,8,8,23,335,23.87,1
252,12,GENERAL,0,5,20,0,16,16,51,335,24.189,0
252,21,GENERAL,0,5,20,0,23,23,66,335,44.498,0
252,13,GENERAL,0,5,20,0,0,0,0,335,25.176,0
252,20,GENERAL,0,5,20,0,7,7,21,335,23.791,0
252,18,GENERAL,0,5,20,0,66,66,187,335,28.533,0
253,11,DISPATCH_CARGO,4,1,20,3,39,39,118,339,26.336,1
253,16,DISPATCH_CARGO,4,1,20,3,31,31,95,339,31.687,0
253,19,DISPATCH_CARGO,4,1,20,3,12,12,32,339,32.163,0
254,18,RECEIVE_TO_INBOUND,2,4,31,7,66,66,187,346,39.358,1
254,21,RECEIVE_TO_INBOUND,2,4,31,7,23,23,66,346,82.439,0
254,22,RECEIVE_TO_INBOUND,2,4,31,7,38,38,113,346,42.681,0
255,11,DISPATCH_CARGO,3,1,20,9,40,40,119,351,25.214,1
255,16,DISPATCH_CARGO,3,1,20,9,31,31,95,351,31.855,0
255,19,DISPATCH_CARGO,3,1,20,9,12,12,32,351,25.301,0
256,18,RECEIVE_TO_INBOUND,3,4,31,3,67,67,191,354,36.966,1
256,22,RECEIVE_TO_INBOUND,3,4,31,3,38,38,113,354,45.695,0
256,21,RECEIVE_TO_INBOUND,3,4,31,3,23,23,66,354,66.816,0
257,22,MOVE_BETWEEN_SLOTS,2,3,22,8,38,38,113,358,29.696,1
257,16,MOVE_BETWEEN_SLOTS,2,3,22,8,31,31,95,358,39.456,0
257,18,MOVE_BETWEEN_SLOTS,2,3,22,8,68,68,195,358,30.439,0
257,21,MOVE_BETWEEN_SLOTS,2,3,22,8,23,23,66,358,32.974,0
258,18,PUTAWAY_TO_RACK,2,2,27,8,68,68,195,366,37.616,1
258,16,PUTAWAY_TO_RACK,2,2,27,8,31,31,95,366,42.682,0
258,22,PUTAWAY_TO_RACK,2,2,27,8,39,39,116,366,52.548,0
258,21,PUTAWAY_TO_RACK,2,2,27,8,23,23,66,366,53.897,0
259,18,RECEIVE_TO_INBOUND,4,3,27,4,69,69,197,372,29.124,1
259,22,RECEIVE_TO_INBOUND,4,3,27,4,39,39,116,372,38.081,0
259,21,RECEIVE_TO_INBOUND,4,3,27,4,23,23,66,372,56.258,0
260,18,RECEIVE_TO_INBOUND,2,5,36,4,70,70,200,380,41.156,1
260,21,RECEIVE_TO_INBOUND,2,5,36,4,23,23,66,380,86.564,0
260,22,RECEIVE_TO_INBOUND,2,5,36,4,39,39,116,380,52.7,0
261,21,MOVE_BETWEEN_SLOTS,1,3,22,9,23,23,66,388,36.625,1
261,22,MOVE_BETWEEN_SLOTS,1,3,22,9,39,39,116,388,37.246,0
261,18,MOVE_BETWEEN_SLOTS,1,3,22,9,71,71,205,388,28.451,0
261,16,MOVE_BETWEEN_SLOTS,1,3,22,9,31,31,95,388,41.421,0
262,20,GENERAL,0,4,17,7,7,7,21,396,18.202,1
262,11,GENERAL,0,4,17,7,41,41,120,396,26.247,0
262,14,GENERAL,0,4,17,7,3,3,9,396,19.634,0
262,13,GENERAL,0,4,17,7,0,0,0,396,22.986,0
262,19,GENERAL,0,4,17,7,12,12,32,396,20.8,0
262,17,GENERAL,0,4,17,7,9,9,28,396,20.137,0
263,18,RECEIVE_TO_INBOUND,3,2,22,9,71,71,205,404,28.991,1
263,22,RECEIVE_TO_INBOUND,3,2,22,9,39,39,116,404,34.754,0
263,21,RECEIVE_TO_INBOUND,3,2,22,9,24,24,69,404,50.611,0
264,18,RECEIVE_TO_INBOUND,4,3,27,9,72,72,207,412,35.492,1
264,22,RECEIVE_TO_INBOUND,4,3,27,9,39,39,116,412,37.484,0
264,21,RECEIVE_TO_INBOUND,4,3,27,9,24,24,69,412,62.539,0
265,19,DISPATCH_CARGO,4,5,40,8,12,12,32,414,48.1,1
265,11,DISPATCH_CARGO,4,5,40,8,41,41,120,414,61.013,0
265,16,DISPATCH_CARGO,4,5,40,8,31,31,95,414,69.178,0
266,19,GENERAL,1,5,20,3,13,13,37,417,23.873,1
266,17,GENERAL,1,5,20,3,9,9,28,417,27.341,0
266,16,GENERAL,1,5,20,3,31,31,95,417,29.683,0
266,14,GENERAL,1,5,20,3,3,3,9,417,25.799,0
266,20,GENERAL,1,5,20,3,8,8,25,417,30.273,0
266,11,GENERAL,1,5,20,3,41,41,120,417,33.866,0
267,20,GENERAL,0,3,15,10,8,8,25,424,15.928,1
267,11,GENERAL,0,3,15,10,41,41,120,424,26.203,0
267,15,GENERAL,0,3,15,10,8,8,26,424,20.746,0
267,19,GENERAL,0,3,15,10,14,14,42,424,19.654,0
267,14,GENERAL,0,3,15,10,3,3,9,424,17.097,0
267,21,GENERAL,0,3,15,10,24,24,69,424,35.421,0
268,22,RECEIVE_TO_INBOUND,3,4,31,8,39,39,116,426,46.125,1
268,21,RECEIVE_TO_INBOUND,3,4,31,8,24,24,69,426,76.059,0
268,18,RECEIVE_TO_INBOUND,3,4,31,8,73,73,210,426,47.821,0
269,18,MOVE_BETWEEN_SLOTS,2,4,26,9,73,73,210,428,37.945,1
269,16,MOVE_BETWEEN_SLOTS,2,4,26,9,31,31,95,428,41.842,0
269,22,MOVE_BETWEEN_SLOTS,2,4,26,9,40,40,120,428,41.302,0
269,21,MOVE_BETWEEN_SLOTS,2,4,26,9,24,24,69,428,43.726,0
270,18,RECEIVE_TO_INBOUND,2,3,27,6,74,74,214,430,33.868,1
270,21,RECEIVE_TO_INBOUND,2,3,27,6,24,24,69,430,70.738,0
270,22,RECEIVE_TO_INBOUND,2,3,27,6,40,40,120,430,37.245,0
271,11,DISPATCH_CARGO,4,2,25,4,41,41,120,438,32.892,1
271,16,DISPATCH_CARGO,4,2,25,4,31,31,95,438,43.101,0
271,19,DISPATCH_CARGO,4,2,25,4,14,14,42,438,41.502,0
272,18,MOVE_BETWEEN_SLOTS,0,3,22,8,75,75,217,445,30.676,1
272,21,MOVE_BETWEEN_SLOTS,0,3,22,8,24,24,69,445,38.949,0
272,22,MOVE_BETWEEN_SLOTS,0,3,22,8,40,40,120,445,33.189,0
272,16,MOVE_BETWEEN_SLOTS,0,3,22,8,31,31,95,445,35.147,0
273,18,MOVE_BETWEEN_SLOTS,2,2,18,3,76,76,220,447,24.143,1
273,21,MOVE_BETWEEN_SLOTS,2,2,18,3,24,24,69,447,33.302,0
273,16,MOVE_BETWEEN_SLOTS,2,2,18,3,31,31,95,447,36.601,0
273,22,MOVE_BETWEEN_SLOTS,2,2,18,3,40,40,120,447,28.598,0
274,15,GENERAL,0,4,17,10,8,8,26,449,20.394,1
274,16,GENERAL,0,4,17,10,31,31,95,449,27.099,0
274,13,GENERAL,0,4,17,10,0,0,0,449,26.479,0
274,20,GENERAL,0,4,17,10,9,9,28,449,25.156,0
274,21,GENERAL,0,4,17,10,24,24,69,449,44.419,0
274,12,GENERAL,0,4,17,10,16,16,51,449,23.489,0
275,11,DISPATCH_CARGO,4,3,30,7,42,42,122,453,44.684,1
275,16,DISPATCH_CARGO,4,3,30,7,31,31,95,453,53.932,0
275,19,DISPATCH_CARGO,4,3,30,7,14,14,42,453,49.989,0
276,16,PUTAWAY_TO_RACK,1,5,44,1,31,31,95,459,68.881,1
276,18,PUTAWAY_TO_RACK,1,5,44,1,77,77,222,459,78.414,0
276,22,PUTAWAY_TO_RACK,1,5,44,1,40,40,120,459,81.783,0
276,21,PUTAWAY_TO_RACK,1,5,44,1,24,24,69,459,70.181,0
277,18,GENERAL,1,1,10,1,77,77,222,466,12.422,1
277,13,GENERAL,1,1,10,1,0,0,0,466,12.942,0
277,22,GENERAL,1,1,10,1,40,40,120,466,19.527,0
277,16,GENERAL,1,1,10,1,32,32,100,466,16.603,0
277,21,GENERAL,1,1,10,1,24,24,69,466,26.554,0
277,17,GENERAL,1,1,10,1,9,9,28,466,12.299,0
278,16,PUTAWAY_TO_RACK,2,5,44,4,32,32,100,471,67.242,1
278,21,PUTAWAY_TO_RACK,2,5,44,4,24,24,69,471,73.504,0
278,22,PUTAWAY_TO_RACK,2,5,44,4,40,40,120,471,74.174,0
278,18,PUTAWAY_TO_RACK,2,5,44,4,78,78,223,471,71.597,0
279,18,PUTAWAY_TO_RACK,2,5,44,8,78,78,223,475,62.334,1
279,16,PUTAWAY_TO_RACK,2,5,44,8,33,33,105,475,76.628,0
279,21,PUTAWAY_TO_RACK,2,5,44,8,24,24,69,475,90.275,0
279,22,PUTAWAY_TO_RACK,2,5,44,8,40,40,120,475,78.197,0
280,14,GENERAL,0,5,20,8,3,3,9,482,21.684,1
280,11,GENERAL,0,5,20,8,43,43,125,482,34.44,0
280,13,GENERAL,0,5,20,8,0,0,0,482,28.883,0
280,15,GENERAL,0,5,20,8,9,9,30,482,23.408,0
280,21,GENERAL,0,5,20,8,24,24,69,482,51.996,0
280,22,GENERAL,0,5,20,8,40,40,120,482,41.474,0
281,18,PUTAWAY_TO_RACK,1,3,33,3,79,79,228,485,51.763,1
281,16,PUTAWAY_TO_RACK,1,3,33,3,33,33,105,485,61.534,0
281,22,PUTAWAY_TO_RACK,1,3,33,3,40,40,120,485,56.586,0
281,21,PUTAWAY_TO_RACK,1,3,33,3,24,24,69,485,56.426,0
282,21,RECEIVE_TO_INBOUND,2,2,22,9,24,24,69,491,56.651,1
282,22,RECEIVE_TO_INBOUND,2,2,22,9,40,40,120,491,35.229,0
282,18,RECEIVE_TO_INBOUND,2,2,22,9,80,80,231,491,30.1,0
283,16,PUTAWAY_TO_RACK,2,3,33,10,33,33,105,494,50.602,1
283,21,PUTAWAY_TO_RACK,2,3,33,10,25,25,71,494,68.652,0
283,18,PUTAWAY_TO_RACK,2,3,33,10,80,80,231,494,53.677,0
283,22,PUTAWAY_TO_RACK,2,3,33,10,40,40,120,494,56.416,0
284,18,PUTAWAY_TO_RACK,3,4,38,2,80,80,231,502,60.873,1
284,22,PUTAWAY_TO_RACK,3,4,38,2,40,40,120,502,60.907,0
284,16,PUTAWAY_TO_RACK,3,4,38,2,34,34,108,502,66.362,0
284,21,PUTAWAY_TO_RACK,3,4,38,2,25,25,71,502,75.814,0
285,22,PUTAWAY_TO_RACK,3,3,33,8,40,40,120,508,59.381,1
285,21,PUTAWAY_TO_RACK,3,3,33,8,25,25,71,508,59.848,0
285,18,PUTAWAY_TO_RACK,3,3,33,8,81,81,235,508,53.206,0
285,16,PUTAWAY_TO_RACK,3,3,33,8,34,34,108,508,53.703,0
286,18,RECEIVE_TO_INBOUND,4,2,22,7,81,81,235,155,31.668,1
286,21,RECEIVE_TO_INBOUND,4,2,22,7,25,25,71,155,50.282,0
286,22,RECEIVE_TO_INBOUND,4,2,22,7,41,41,123,155,35.023,0
287,15,GENERAL,0,5,20,9,9,9,30,162,23.695,1
287,11,GENERAL,0,5,20,9,43,43,125,162,32.587,0
287,20,GENERAL,0,5,20,9,9,9,28,162,28.215,0
287,17,GENERAL,0,5,20,9,9,9,28,162,26.666,0
287,22,GENERAL,0,5,20,9,41,41,123,162,41.539,0
287,18,GENERAL,0,5,20,9,82,82,237,162,24.053,0
288,21,MOVE_BETWEEN_SLOTS,0,2,18,5,25,25,71,164,28.35,1
288,16,MOVE_BETWEEN_SLOTS,0,2,18,5,34,34,108,164,34.75,0
288,18,MOVE_BETWEEN_SLOTS,0,2,18,5,82,82,237,164,25.504,0
288,22,MOVE_BETWEEN_SLOTS,0,2,18,5,41,41,123,164,26.531,0
289,22,PUTAWAY_TO_RACK,2,4,38,3,41,41,123,169,60.488,1
289,18,PUTAWAY_TO_RACK,2,4,38,3,82,82,237,169,62.717,0
289,16,PUTAWAY_TO_RACK,2,4,38,3,34,34,108,169,63.038,0
289,21,PUTAWAY_TO_RACK,2,4,38,3,26,26,73,169,79.161,0
290,16,PUTAWAY_TO_RACK,3,3,33,10,34,34,108,174,52.675,1
290,18,PUTAWAY_TO_RACK,3,3,33,10,82,82,237,174,54.05,0
290,22,PUTAWAY_TO_RACK,3,3,33,10,42,42,127,174,53.648,0
290,21,PUTAWAY_TO_RACK,3,3,33,10,26,26,73,174,65.971,0
291,11,DISPATCH_CARGO,3,2,25,9,43,43,125,176,37.831,1
291,19,DISPATCH_CARGO,3,2,25,9,14,14,42,176,42.234,0
291,16,DISPATCH_CARGO,3,2,25,9,35,35,111,176,41.698,0
292,21,PUTAWAY_TO_RACK,1,4,38,5,26,26,73,183,64.355,1
292,16,PUTAWAY_TO_RACK,1,4,38,5,35,35,111,183,67.455,0
292,18,PUTAWAY_TO_RACK,1,4,38,5,82,82,237,183,54.297,0
292,22,PUTAWAY_TO_RACK,1,4,38,5,42,42,127,183,68.583,0
293,11,DISPATCH_CARGO,4,4,35,0,44,44,127,185,46.748,1
293,16,DISPATCH_CARGO,4,4,35,0,35,35,111,185,51.34,0
293,19,DISPATCH_CARGO,4,4,35,0,14,14,42,185,62.456,0
294,18,PUTAWAY_TO_RACK,2,1,22,4,82,82,237,188,32.853,1
294,16,PUTAWAY_TO_RACK,2,1,22,4,35,35,111,188,34.894,0
294,21,PUTAWAY_TO_RACK,2,1,22,4,27,27,77,188,37.898,0
294,22,PUTAWAY_TO_RACK,2,1,22,4,42,42,127,188,35.597,0
295,16,DISPATCH_CARGO,4,4,35,4,35,35,111,196,49.899,1
295,11,DISPATCH_CARGO,4,4,35,4,45,45,131,196,52.307,0
295,19,DISPATCH_CARGO,4,4,35,4,14,14,42,196,54.005,0
296,18,MOVE_BETWEEN_SLOTS,1,3,22,8,83,83,238,203,30.708,1
296,16,MOVE_BETWEEN_SLOTS,1,3,22,8,36,36,115,203,37.278,0
296,22,MOVE_BETWEEN_SLOTS,1,3,22,8,42,42,127,203,31.527,0
296,21,MOVE_BETWEEN_SLOTS,1,3,22,8,27,27,77,203,43.129,0
297,18,GENERAL,0,3,15,9,84,84,241,205,15.388,1
297,16,GENERAL,0,3,15,9,36,36,115,205,20.866,0
297,12,GENERAL,0,3,15,9,16,16,51,205,18.646,0
297,15,GENERAL,0,3,15,9,10,10,35,205,20.536,0
297,11,GENERAL,0,3,15,9,45,45,131,205,29.811,0
297,22,GENERAL,0,3,15,9,42,42,127,205,26.915,0
298,18,MOVE_BETWEEN_SLOTS,0,5,30,1,85,85,244,213,39.802,1
298,21,MOVE_BETWEEN_SLOTS,0,5,30,1,27,27,77,213,51.551,0
298,16,MOVE_BETWEEN_SLOTS,0,5,30,1,36,36,115,213,50.859,0
298,22,MOVE_BETWEEN_SLOTS,0,5,30,1,42,42,127,213,47.46,0
299,18,MOVE_BETWEEN_SLOTS,1,3,22,3,86,86,249,219,30.504,1
299,16,MOVE_BETWEEN_SLOTS,1,3,22,3,36,36,115,219,40.823,0
299,22,MOVE_BETWEEN_SLOTS,1,3,22,3,42,42,127,219,31.698,0
299,21,MOVE_BETWEEN_SLOTS,1,3,22,3,27,27,77,219,43.919,0
300,22,MOVE_BETWEEN_SLOTS,1,2,18,10,42,42,127,222,26.634,1
300,21,MOVE_BETWEEN_SLOTS,1,2,18,10,27,27,77,222,31.711,0
300,18,MOVE_BETWEEN_SLOTS,1,2,18,10,87,87,252,222,27.986,0
300,16,MOVE_BETWEEN_SLOTS,1,2,18,10,36,36,115,222,32.978,0
